{"type":"FeatureCollection","name":"opencity-amc-wards-2025-11","features":[
{"type":"Feature","properties":{"kmlName":"Gota","wardNumber":1,"lgdCode":"1302501"},"geometry":{"type":"MultiPolygon","coordinates":[[[[72.514327,23.135192],[72.514985,23.135185],[72.515959,23.135207],[72.516932,23.13526],[72.517901,23.135344],[72.518869,23.135459],[72.519829,23.135606],[72.520785,23.135783],[72.521732,23.135991],[72.522477,23.136163],[72.523301,23.136251],[72.52413,23.136233],[72.525503,23.135959],[72.52558,23.13593],[72.525658,23.135901],[72.525736,23.135872],[72.525813,23.135842],[72.525891,23.135813],[72.525969,23.135784],[72.526046,23.135755],[72.526124,23.135725],[72.526196,23.135688],[72.526269,23.13565],[72.526341,23.135612],[72.526413,23.135575],[72.526486,23.135537],[72.526558,23.135499],[72.52663,23.135462],[72.526703,23.135424],[72.526775,23.135387],[72.526848,23.135349],[72.526914,23.135302],[72.52698,23.135256],[72.527046,23.135209],[72.527112,23.135163],[72.527178,23.135117],[72.527244,23.13507],[72.52731,23.135024],[72.527376,23.134977],[72.527442,23.134931],[72.527508,23.134884],[72.527567,23.134829],[72.527625,23.134775],[72.527684,23.13472],[72.527742,23.134665],[72.5278,23.134611],[72.527859,23.134556],[72.527917,23.134501],[72.527976,23.134447],[72.528034,23.134392],[72.528093,23.134338],[72.528142,23.134276],[72.528192,23.134214],[72.528242,23.134153],[72.528291,23.134091],[72.528341,23.13403],[72.528391,23.133968],[72.52844,23.133907],[72.52849,23.133845],[72.52854,23.133783],[72.528589,23.133722],[72.528629,23.133655],[72.528669,23.133587],[72.528709,23.13352],[72.528749,23.133453],[72.528789,23.133386],[72.528829,23.133318],[72.528868,23.133251],[72.528908,23.133184],[72.528948,23.133117],[72.528988,23.133049],[72.529017,23.132978],[72.529047,23.132906],[72.529076,23.132834],[72.529106,23.132762],[72.529135,23.132691],[72.529165,23.132619],[72.529194,23.132547],[72.529224,23.132475],[72.529253,23.132404],[72.529282,23.132332],[72.529301,23.132257],[72.529319,23.132182],[72.529337,23.132107],[72.529356,23.132032],[72.529374,23.131957],[72.529392,23.131882],[72.52941,23.131808],[72.529429,23.131733],[72.529447,23.131658],[72.529465,23.131583],[72.529476,23.131506],[72.529486,23.13143],[72.529496,23.131353],[72.529506,23.131277],[72.529517,23.131201],[72.529527,23.131124],[72.529537,23.131048],[72.529547,23.130971],[72.529558,23.130895],[72.529568,23.130818],[72.529578,23.130742],[72.529588,23.130665],[72.529599,23.130589],[72.529687,23.130602],[72.529775,23.130616],[72.529864,23.130629],[72.529952,23.130642],[72.530041,23.130656],[72.530129,23.130669],[72.530217,23.130682],[72.530306,23.130695],[72.530394,23.130709],[72.530483,23.130722],[72.530571,23.130735],[72.530659,23.130749],[72.530748,23.130762],[72.530836,23.130775],[72.530925,23.130789],[72.531013,23.130802],[72.531101,23.130815],[72.53119,23.130829],[72.531278,23.130842],[72.531367,23.130855],[72.531455,23.130868],[72.531543,23.130882],[72.531632,23.130895],[72.53172,23.130908],[72.531809,23.130922],[72.531897,23.130935],[72.531985,23.130948],[72.532074,23.130962],[72.532162,23.130975],[72.532251,23.130988],[72.532339,23.131002],[72.532428,23.131015],[72.532516,23.131028],[72.532604,23.131041],[72.532693,23.131055],[72.532781,23.131068],[72.53287,23.131081],[72.532958,23.131095],[72.533046,23.131108],[72.533135,23.131121],[72.533223,23.131135],[72.533312,23.131148],[72.533374,23.131157],[72.5334,23.131161],[72.533488,23.131175],[72.533577,23.131188],[72.533665,23.131201],[72.533754,23.131214],[72.533842,23.131228],[72.53393,23.131241],[72.534019,23.131254],[72.534107,23.131268],[72.534196,23.131281],[72.534284,23.131294],[72.534372,23.131308],[72.534461,23.131321],[72.534549,23.131334],[72.534638,23.131348],[72.534726,23.131361],[72.534814,23.131374],[72.534903,23.131387],[72.534991,23.131401],[72.53508,23.131414],[72.535168,23.131427],[72.535257,23.131441],[72.535322,23.131451],[72.535345,23.131454],[72.535433,23.131467],[72.535522,23.131481],[72.53561,23.131494],[72.535699,23.131507],[72.535787,23.13152],[72.535875,23.131534],[72.535964,23.131547],[72.536052,23.13156],[72.536141,23.131574],[72.536229,23.131587],[72.536317,23.1316],[72.536406,23.131614],[72.536494,23.131627],[72.536583,23.13164],[72.536671,23.131654],[72.536759,23.131667],[72.536848,23.13168],[72.536936,23.131693],[72.537025,23.131707],[72.537113,23.13172],[72.537201,23.131733],[72.53729,23.131747],[72.537378,23.13176],[72.537413,23.131765],[72.537467,23.131773],[72.537555,23.131787],[72.537644,23.1318],[72.537732,23.131813],[72.53782,23.131827],[72.537909,23.13184],[72.537997,23.131853],[72.538083,23.131867],[72.538169,23.131881],[72.538254,23.131894],[72.53834,23.131908],[72.538426,23.131922],[72.538511,23.131936],[72.538597,23.13195],[72.538683,23.131963],[72.538768,23.131977],[72.538854,23.131991],[72.53894,23.132005],[72.539025,23.132018],[72.539111,23.132032],[72.539197,23.132046],[72.539282,23.13206],[72.539368,23.132074],[72.539454,23.132087],[72.53954,23.132101],[72.539625,23.132115],[72.539711,23.132129],[72.539797,23.132142],[72.539882,23.132156],[72.539968,23.13217],[72.540054,23.132184],[72.540139,23.132198],[72.540225,23.132211],[72.540311,23.132225],[72.540396,23.132239],[72.540482,23.132253],[72.540568,23.132266],[72.541071,23.132215],[72.541763,23.132145],[72.539398,23.124161],[72.535402,23.110555],[72.53608,23.110409],[72.537125,23.110141],[72.537507,23.10997],[72.538185,23.109528],[72.539185,23.108838],[72.540022,23.108305],[72.541074,23.107609],[72.541635,23.107194],[72.542449,23.106491],[72.542779,23.106219],[72.54307,23.106031],[72.543263,23.105947],[72.543597,23.105857],[72.54574,23.105345],[72.547221,23.104991],[72.54738,23.104953],[72.546817,23.103021],[72.546462,23.101993],[72.545502,23.099544],[72.545107,23.098665],[72.544701,23.097607],[72.543273,23.093885],[72.541491,23.089303],[72.540321,23.086409],[72.540137,23.085849],[72.540025,23.085456],[72.539984,23.085279],[72.539959,23.085061],[72.539937,23.084852],[72.539909,23.084426],[72.539936,23.08371],[72.538667,23.083333],[72.537278,23.082781],[72.536528,23.082303],[72.535648,23.081826],[72.535167,23.081272],[72.534517,23.081758],[72.534078,23.082103],[72.532371,23.083808],[72.532104,23.082067],[72.53185,23.080207],[72.531467,23.077936],[72.531416,23.077647],[72.531325,23.077077],[72.531244,23.076456],[72.531158,23.075822],[72.531171,23.075763],[72.531209,23.075712],[72.531278,23.075648],[72.531381,23.075609],[72.531502,23.075581],[72.531713,23.075569],[72.532181,23.075565],[72.532474,23.075597],[72.533631,23.075735],[72.534539,23.075854],[72.53536,23.076004],[72.536448,23.076246],[72.537201,23.076392],[72.537928,23.076527],[72.538285,23.076582],[72.538599,23.076562],[72.538844,23.076523],[72.539111,23.076408],[72.539343,23.076218],[72.540414,23.075019],[72.540784,23.074552],[72.540935,23.074354],[72.541055,23.074164],[72.541205,23.073929],[72.540896,23.073821],[72.539294,23.073231],[72.537234,23.072275],[72.537314,23.071891],[72.537166,23.071362],[72.536919,23.070652],[72.53687,23.070452],[72.536848,23.070284],[72.536863,23.070122],[72.536898,23.069986],[72.536954,23.069838],[72.536969,23.069765],[72.536969,23.069717],[72.536952,23.069657],[72.536921,23.069605],[72.536843,23.069541],[72.535444,23.068854],[72.535343,23.068827],[72.535244,23.068812],[72.535081,23.068791],[72.534759,23.068728],[72.534462,23.068637],[72.533983,23.068423],[72.533729,23.068292],[72.533591,23.068205],[72.533466,23.068106],[72.533371,23.067971],[72.532491,23.066419],[72.533336,23.066046],[72.533867,23.065816],[72.534199,23.065677],[72.534557,23.065558],[72.534854,23.065483],[72.535936,23.065364],[72.535527,23.064646],[72.534539,23.063138],[72.53391,23.062269],[72.531269,23.063682],[72.53074,23.063948],[72.53037,23.064211],[72.529862,23.064649],[72.528614,23.065788],[72.527376,23.066868],[72.527247,23.066991],[72.526916,23.067386],[72.526759,23.067552],[72.52665,23.067634],[72.526548,23.067679],[72.526449,23.067692],[72.526347,23.067685],[72.526117,23.067589],[72.522326,23.065957],[72.514954,23.062768],[72.507998,23.059792],[72.502836,23.057524],[72.501444,23.058276],[72.499113,23.059197],[72.500529,23.059871],[72.501066,23.059983],[72.502787,23.061364],[72.502579,23.06187],[72.502567,23.062263],[72.502665,23.062656],[72.502604,23.063015],[72.502262,23.063925],[72.501993,23.06425],[72.501823,23.064351],[72.501591,23.06434],[72.500334,23.064048],[72.500163,23.064048],[72.49998,23.064115],[72.49987,23.064239],[72.499174,23.065822],[72.498698,23.066563],[72.498491,23.066855],[72.498393,23.067136],[72.498385,23.067332],[72.498366,23.06743],[72.498325,23.067517],[72.49818,23.067705],[72.498039,23.067842],[72.497972,23.06792],[72.497923,23.06798],[72.497899,23.068041],[72.497876,23.068102],[72.497861,23.068173],[72.497853,23.068235],[72.497866,23.068322],[72.497881,23.06836],[72.498091,23.068865],[72.498421,23.069454],[72.498642,23.070003],[72.49874,23.070268],[72.498835,23.070864],[72.498923,23.071584],[72.498808,23.073242],[72.498804,23.073701],[72.498757,23.0741],[72.498838,23.07438],[72.499092,23.074801],[72.499191,23.075057],[72.499242,23.075394],[72.499221,23.075478],[72.499174,23.075547],[72.499069,23.075621],[72.49896,23.075699],[72.498909,23.075768],[72.498893,23.075852],[72.498913,23.07602],[72.499404,23.078088],[72.499675,23.079785],[72.499731,23.080134],[72.499707,23.080196],[72.499658,23.080286],[72.49958,23.080358],[72.499273,23.080531],[72.492787,23.083984],[72.493745,23.086347],[72.495071,23.089988],[72.496745,23.094617],[72.49864,23.099536],[72.498314,23.100764],[72.49797,23.10052],[72.497971,23.100919],[72.497993,23.101483],[72.49802,23.101802],[72.498064,23.102427],[72.498051,23.102648],[72.498041,23.102822],[72.498035,23.103177],[72.49808,23.10352],[72.498133,23.103827],[72.498159,23.10393],[72.498235,23.104219],[72.49828,23.104358],[72.498324,23.104491],[72.498504,23.10491],[72.498754,23.105407],[72.498772,23.105449],[72.498912,23.105779],[72.499021,23.106149],[72.499105,23.106508],[72.499223,23.107127],[72.499271,23.107512],[72.499232,23.107929],[72.499229,23.108051],[72.499225,23.10822],[72.499212,23.108532],[72.499176,23.108729],[72.498993,23.108881],[72.498865,23.109018],[72.498777,23.109249],[72.498771,23.109481],[72.498769,23.109571],[72.498852,23.109852],[72.498923,23.110173],[72.498934,23.110418],[72.498961,23.11065],[72.499009,23.110929],[72.499028,23.111086],[72.499053,23.1113],[72.499076,23.11167],[72.499013,23.112073],[72.49901,23.112088],[72.498966,23.112296],[72.498824,23.112522],[72.499262,23.112957],[72.499657,23.113482],[72.49997,23.114051],[72.500194,23.114656],[72.500324,23.115284],[72.500358,23.115924],[72.500296,23.116561],[72.500139,23.117184],[72.500057,23.117379],[72.499909,23.117734],[72.499889,23.117781],[72.499551,23.118341],[72.499158,23.118935],[72.499061,23.119196],[72.498907,23.119609],[72.498814,23.120318],[72.498882,23.121027],[72.499109,23.121707],[72.499483,23.122329],[72.499879,23.122748],[72.49999,23.122866],[72.500537,23.123252],[72.501411,23.123637],[72.502237,23.124103],[72.502381,23.124205],[72.503005,23.124646],[72.503707,23.125262],[72.504336,23.125941],[72.504884,23.126677],[72.505345,23.127463],[72.505716,23.128291],[72.505908,23.128891],[72.50599,23.129148],[72.506166,23.130028],[72.506242,23.13092],[72.506229,23.131366],[72.506215,23.131815],[72.506088,23.132703],[72.506054,23.132834],[72.505861,23.133574],[72.50564,23.134179],[72.505196,23.134821],[72.504763,23.135471],[72.504342,23.136128],[72.503935,23.136791],[72.505417,23.136686],[72.505598,23.13663],[72.506342,23.136399],[72.507277,23.13614],[72.508221,23.135913],[72.509172,23.135716],[72.510131,23.13555],[72.511095,23.135414],[72.512063,23.13531],[72.513035,23.135237],[72.51401,23.135196],[72.514327,23.135192]]]]}},
{"type":"Feature","properties":{"kmlName":"Chandlodiya","wardNumber":2,"lgdCode":"1302502"},"geometry":{"type":"MultiPolygon","coordinates":[[[[72.566963,23.132451],[72.567231,23.131746],[72.567257,23.131677],[72.567342,23.131352],[72.567614,23.130311],[72.567661,23.130052],[72.567745,23.12958],[72.567795,23.128404],[72.567814,23.127947],[72.566745,23.127899],[72.566687,23.127231],[72.566661,23.126927],[72.567585,23.126867],[72.567921,23.126846],[72.567886,23.12642],[72.567794,23.125318],[72.567597,23.124492],[72.567535,23.124244],[72.567447,23.12389],[72.566962,23.1227],[72.566668,23.121916],[72.566586,23.121716],[72.566397,23.121248],[72.565688,23.120329],[72.565617,23.120237],[72.565342,23.119818],[72.565131,23.119123],[72.565044,23.118835],[72.564857,23.118277],[72.564561,23.117871],[72.563473,23.116578],[72.563401,23.116481],[72.563065,23.116032],[72.562697,23.116114],[72.562398,23.116152],[72.562377,23.115977],[72.562176,23.115178],[72.561875,23.114976],[72.562847,23.112677],[72.566804,23.10343],[72.56251,23.104786],[72.562099,23.104836],[72.561722,23.104823],[72.561093,23.104733],[72.560422,23.104579],[72.559835,23.104373],[72.559317,23.10409],[72.55887,23.103717],[72.558353,23.103087],[72.557766,23.102213],[72.556256,23.099253],[72.554265,23.094543],[72.55391,23.09367],[72.553747,23.093076],[72.553701,23.092818],[72.553659,23.092392],[72.55366,23.092095],[72.553681,23.091609],[72.553779,23.090636],[72.554215,23.088891],[72.556507,23.080549],[72.541205,23.073929],[72.541055,23.074164],[72.540935,23.074354],[72.540784,23.074552],[72.540414,23.075019],[72.539343,23.076218],[72.539111,23.076408],[72.538844,23.076523],[72.538599,23.076562],[72.538285,23.076582],[72.537928,23.076527],[72.537201,23.076392],[72.536448,23.076246],[72.53536,23.076004],[72.534539,23.075854],[72.533631,23.075735],[72.532474,23.075597],[72.532181,23.075565],[72.531713,23.075569],[72.531502,23.075581],[72.531381,23.075609],[72.531278,23.075648],[72.531209,23.075712],[72.531171,23.075763],[72.531158,23.075822],[72.531244,23.076456],[72.531325,23.077077],[72.531416,23.077647],[72.531467,23.077936],[72.53185,23.080207],[72.532104,23.082067],[72.532371,23.083808],[72.534078,23.082103],[72.534517,23.081758],[72.535167,23.081272],[72.535648,23.081826],[72.536528,23.082303],[72.537278,23.082781],[72.538667,23.083333],[72.539936,23.08371],[72.539909,23.084426],[72.539937,23.084852],[72.539959,23.085061],[72.539984,23.085279],[72.540025,23.085456],[72.540137,23.085849],[72.540321,23.086409],[72.541491,23.089303],[72.543273,23.093885],[72.544701,23.097607],[72.545107,23.098665],[72.545502,23.099544],[72.546462,23.101993],[72.546817,23.103021],[72.54738,23.104953],[72.547221,23.104991],[72.54574,23.105345],[72.543597,23.105857],[72.543263,23.105947],[72.54307,23.106031],[72.542779,23.106219],[72.542449,23.106491],[72.541635,23.107194],[72.541074,23.107609],[72.540022,23.108305],[72.539185,23.108838],[72.538185,23.109528],[72.537507,23.10997],[72.537125,23.110141],[72.53608,23.110409],[72.535402,23.110555],[72.539398,23.124161],[72.541763,23.132145],[72.541998,23.132121],[72.544234,23.131894],[72.544429,23.131875],[72.545651,23.131948],[72.545984,23.132023],[72.546032,23.132034],[72.546279,23.132089],[72.546926,23.132234],[72.547467,23.132355],[72.547778,23.13246],[72.548698,23.13277],[72.549931,23.133185],[72.550699,23.133444],[72.551871,23.133839],[72.552319,23.13399],[72.552999,23.134257],[72.555044,23.135059],[72.555088,23.135088],[72.555285,23.135218],[72.555941,23.135596],[72.556206,23.135849],[72.556312,23.135908],[72.556786,23.136168],[72.556869,23.136271],[72.557037,23.13648],[72.557311,23.137054],[72.557567,23.137589],[72.557699,23.137695],[72.557758,23.13771],[72.558,23.137772],[72.558019,23.137777],[72.558,23.137882],[72.557866,23.138627],[72.558,23.138631],[72.558261,23.138639],[72.558563,23.138648],[72.559198,23.138628],[72.559602,23.138528],[72.560844,23.138051],[72.561626,23.137751],[72.561925,23.137602],[72.562441,23.137345],[72.562788,23.137032],[72.563046,23.136704],[72.564404,23.135706],[72.564675,23.135507],[72.565336,23.134678],[72.565531,23.134433],[72.565627,23.134312],[72.566437,23.133297],[72.566497,23.1332],[72.566704,23.132868],[72.566838,23.132653],[72.566963,23.132451]]]]}},
{"type":"Feature","properties":{"kmlName":"Chandkheda","wardNumber":3,"lgdCode":"1302503"},"geometry":{"type":"MultiPolygon","coordinates":[[[[72.604379,23.127163],[72.60489,23.126976],[72.604983,23.126942],[72.605853,23.126574],[72.6067,23.126166],[72.607872,23.125971],[72.608527,23.1258],[72.609168,23.125588],[72.60979,23.125335],[72.610807,23.125487],[72.610966,23.124717],[72.611519,23.124343],[72.611659,23.124249],[72.611787,23.123198],[72.612075,23.122636],[72.612503,23.122154],[72.613044,23.121781],[72.613488,23.121609],[72.613526,23.121594],[72.613666,23.12154],[72.614416,23.121077],[72.614811,23.120564],[72.614889,23.120335],[72.615016,23.119963],[72.61501,23.119335],[72.614798,23.117193],[72.61473,23.116505],[72.612238,23.114996],[72.611242,23.114356],[72.610028,23.113374],[72.608683,23.112393],[72.607273,23.111393],[72.60641,23.110815],[72.605442,23.110182],[72.605142,23.109795],[72.604366,23.109322],[72.603775,23.108799],[72.602322,23.107799],[72.601671,23.107331],[72.601518,23.107166],[72.600988,23.106829],[72.600436,23.106472],[72.598933,23.105708],[72.597611,23.104944],[72.59649,23.104019],[72.59532,23.103074],[72.592325,23.100987],[72.590292,23.09969],[72.588975,23.098604],[72.588806,23.098524],[72.588696,23.098514],[72.588598,23.098539],[72.588494,23.098645],[72.588144,23.099746],[72.587964,23.10054],[72.587877,23.101012],[72.587773,23.101183],[72.587188,23.100857],[72.586729,23.100671],[72.585685,23.100469],[72.585532,23.10051],[72.585483,23.100676],[72.585488,23.100932],[72.585619,23.101515],[72.585641,23.101877],[72.585619,23.102365],[72.58545,23.102872],[72.584876,23.102842],[72.584892,23.102415],[72.584455,23.102365],[72.584499,23.101772],[72.584526,23.101153],[72.584275,23.101113],[72.583434,23.10131],[72.583313,23.101148],[72.582488,23.10144],[72.582296,23.1014],[72.581356,23.101329],[72.581181,23.101043],[72.580804,23.100977],[72.580455,23.101133],[72.580324,23.101165],[72.580202,23.101134],[72.579681,23.100921],[72.57936,23.100891],[72.579071,23.101086],[72.57786,23.101344],[72.576936,23.101737],[72.576833,23.101833],[72.576711,23.102238],[72.576532,23.102284],[72.576198,23.102339],[72.57604,23.101669],[72.575915,23.101173],[72.575086,23.100596],[72.573594,23.100025],[72.572701,23.100773],[72.571293,23.101557],[72.568377,23.102805],[72.566804,23.10343],[72.562847,23.112677],[72.561875,23.114976],[72.562176,23.115178],[72.562377,23.115977],[72.562398,23.116152],[72.562697,23.116114],[72.563065,23.116032],[72.563066,23.116032],[72.563692,23.116058],[72.567219,23.115814],[72.567727,23.11575],[72.568247,23.115685],[72.568943,23.115724],[72.569626,23.115864],[72.570276,23.1161],[72.570878,23.116427],[72.571415,23.116838],[72.571877,23.117322],[72.572251,23.117865],[72.57262,23.118508],[72.573233,23.118797],[72.573873,23.119012],[72.57388,23.119014],[72.574552,23.119156],[72.575028,23.119202],[72.575237,23.119221],[72.575925,23.119209],[72.576608,23.119119],[72.577272,23.118953],[72.577912,23.118714],[72.578169,23.118582],[72.578515,23.118405],[72.579581,23.117871],[72.580245,23.117744],[72.580922,23.117748],[72.581128,23.117824],[72.58195,23.118129],[72.582458,23.118554],[72.582907,23.119034],[72.58329,23.119559],[72.583599,23.120125],[72.583832,23.120721],[72.583948,23.121671],[72.583938,23.122365],[72.58402,23.123055],[72.584192,23.12373],[72.584452,23.124381],[72.584796,23.124996],[72.585219,23.125568],[72.585714,23.126094],[72.586238,23.126526],[72.586815,23.126894],[72.587437,23.127195],[72.587715,23.127292],[72.588094,23.127424],[72.588775,23.127578],[72.589473,23.127653],[72.590176,23.127648],[72.590873,23.127565],[72.591862,23.127067],[72.592515,23.127113],[72.593089,23.127399],[72.593764,23.127758],[72.59438,23.128006],[72.595022,23.128191],[72.59568,23.128313],[72.596349,23.128371],[72.597021,23.128366],[72.597167,23.12835],[72.597689,23.128294],[72.598486,23.128283],[72.59944,23.128228],[72.60039,23.128127],[72.601332,23.127979],[72.602266,23.127787],[72.603186,23.127549],[72.604092,23.127268],[72.604379,23.127163]]]]}},
{"type":"Feature","properties":{"kmlName":"Sabarmati","wardNumber":4,"lgdCode":"1302504"},"geometry":{"type":"MultiPolygon","coordinates":[[[[72.612403,23.111836],[72.613428,23.111307],[72.61466,23.111535],[72.615616,23.111656],[72.616578,23.111731],[72.617543,23.11176],[72.618508,23.111742],[72.618829,23.11172],[72.619471,23.111676],[72.618739,23.110867],[72.61816,23.110469],[72.617638,23.11001],[72.617552,23.109913],[72.617181,23.109494],[72.616795,23.108931],[72.616486,23.108328],[72.616261,23.107696],[72.61621,23.107461],[72.616119,23.107042],[72.616012,23.106014],[72.615836,23.105386],[72.615578,23.104783],[72.615243,23.104214],[72.614789,23.103473],[72.614196,23.102432],[72.614071,23.102191],[72.613643,23.101371],[72.61313,23.100293],[72.612876,23.099707],[72.612658,23.099201],[72.612229,23.098092],[72.612017,23.097481],[72.61184,23.096971],[72.611495,23.095837],[72.611192,23.094693],[72.610934,23.09354],[72.610719,23.092379],[72.610349,23.091508],[72.60926,23.093012],[72.605442,23.09313],[72.603584,23.093122],[72.602339,23.092389],[72.600993,23.091673],[72.600618,23.090839],[72.5981,23.08918],[72.597843,23.088818],[72.600843,23.085988],[72.600827,23.08357],[72.600594,23.082132],[72.599899,23.07814],[72.599465,23.075823],[72.598965,23.07401],[72.59852,23.072703],[72.597741,23.07074],[72.5969,23.069244],[72.594938,23.066743],[72.592836,23.065092],[72.589504,23.063031],[72.589249,23.06594],[72.589158,23.066619],[72.587915,23.069613],[72.587394,23.069494],[72.586775,23.072553],[72.58697,23.072864],[72.585561,23.077995],[72.585263,23.078793],[72.584815,23.079685],[72.582651,23.082793],[72.581952,23.083523],[72.581403,23.083942],[72.582007,23.085826],[72.582442,23.086035],[72.581601,23.087656],[72.581018,23.088838],[72.577599,23.094612],[72.575837,23.097242],[72.57481,23.098659],[72.573594,23.100025],[72.575086,23.100596],[72.575915,23.101173],[72.57604,23.101669],[72.576198,23.102339],[72.576532,23.102284],[72.576711,23.102238],[72.576833,23.101833],[72.576936,23.101737],[72.57786,23.101344],[72.579071,23.101086],[72.57936,23.100891],[72.579681,23.100921],[72.580202,23.101134],[72.580324,23.101165],[72.580455,23.101133],[72.580804,23.100977],[72.581181,23.101043],[72.581356,23.101329],[72.582296,23.1014],[72.582488,23.10144],[72.583313,23.101148],[72.583434,23.10131],[72.584275,23.101113],[72.584526,23.101153],[72.584499,23.101772],[72.584455,23.102365],[72.584892,23.102415],[72.584876,23.102842],[72.58545,23.102872],[72.585619,23.102365],[72.585641,23.101877],[72.585619,23.101515],[72.585488,23.100932],[72.585483,23.100676],[72.585532,23.10051],[72.585685,23.100469],[72.586729,23.100671],[72.587188,23.100857],[72.587773,23.101183],[72.587877,23.101012],[72.587964,23.10054],[72.588144,23.099746],[72.588494,23.098645],[72.588598,23.098539],[72.588696,23.098514],[72.588806,23.098524],[72.588975,23.098604],[72.590292,23.09969],[72.592325,23.100987],[72.59532,23.103074],[72.59649,23.104019],[72.597611,23.104944],[72.598933,23.105708],[72.600436,23.106472],[72.600988,23.106829],[72.601518,23.107166],[72.601671,23.107331],[72.602322,23.107799],[72.603775,23.108799],[72.604366,23.109322],[72.605142,23.109795],[72.605442,23.110182],[72.60641,23.110815],[72.607273,23.111393],[72.608683,23.112393],[72.610028,23.113374],[72.611242,23.114356],[72.612238,23.114996],[72.61473,23.116505],[72.614666,23.115857],[72.614577,23.114916],[72.614366,23.11429],[72.614042,23.113708],[72.614037,23.113702],[72.613612,23.113187],[72.613091,23.112743],[72.612563,23.112046],[72.612403,23.111836]]]]}},
{"type":"Feature","properties":{"kmlName":"Ranip","wardNumber":5,"lgdCode":"1302505"},"geometry":{"type":"MultiPolygon","coordinates":[[[[72.581601,23.087656],[72.582442,23.086035],[72.582007,23.085826],[72.581403,23.083942],[72.581952,23.083523],[72.582651,23.082793],[72.584815,23.079685],[72.585263,23.078793],[72.585561,23.077995],[72.58697,23.072864],[72.586775,23.072553],[72.586158,23.071396],[72.585293,23.071924],[72.58522,23.071941],[72.585135,23.071951],[72.585051,23.071947],[72.584959,23.071931],[72.584882,23.0719],[72.584829,23.071871],[72.58473,23.071789],[72.584531,23.071602],[72.582669,23.070123],[72.582482,23.069994],[72.582303,23.069927],[72.580207,23.069512],[72.579535,23.069251],[72.578871,23.069099],[72.577452,23.068693],[72.577315,23.068671],[72.577177,23.068667],[72.576959,23.068671],[72.576687,23.068719],[72.576465,23.068777],[72.574984,23.069449],[72.573832,23.070102],[72.572351,23.070726],[72.571549,23.071758],[72.570406,23.072967],[72.569779,23.074358],[72.569108,23.07569],[72.569342,23.075875],[72.569156,23.076374],[72.569009,23.076457],[72.568573,23.076502],[72.568262,23.076708],[72.567827,23.077257],[72.567417,23.077898],[72.5701,23.083477],[72.571471,23.086139],[72.570003,23.085974],[72.569108,23.085791],[72.568374,23.085597],[72.567641,23.085356],[72.566323,23.084865],[72.56403,23.08386],[72.561795,23.082903],[72.558899,23.081646],[72.556507,23.080549],[72.554215,23.088891],[72.553779,23.090636],[72.553681,23.091609],[72.55366,23.092095],[72.553659,23.092392],[72.553701,23.092818],[72.553747,23.093076],[72.55391,23.09367],[72.554265,23.094543],[72.556256,23.099253],[72.557766,23.102213],[72.558353,23.103087],[72.55887,23.103717],[72.559317,23.10409],[72.559835,23.104373],[72.560422,23.104579],[72.561093,23.104733],[72.561722,23.104823],[72.562099,23.104836],[72.56251,23.104786],[72.566804,23.10343],[72.568377,23.102805],[72.571293,23.101557],[72.572701,23.100773],[72.573594,23.100025],[72.57481,23.098659],[72.575837,23.097242],[72.577599,23.094612],[72.581018,23.088838],[72.581601,23.087656]]]]}},
{"type":"Feature","properties":{"kmlName":"New Wadaj","wardNumber":6,"lgdCode":"1302506"},"geometry":{"type":"MultiPolygon","coordinates":[[[[72.562473,23.055314],[72.558615,23.070773],[72.559127,23.070915],[72.556645,23.080158],[72.556507,23.080549],[72.558899,23.081646],[72.561795,23.082903],[72.56403,23.08386],[72.566323,23.084865],[72.567641,23.085356],[72.568374,23.085597],[72.569108,23.085791],[72.570003,23.085974],[72.571471,23.086139],[72.5701,23.083477],[72.567417,23.077898],[72.567827,23.077257],[72.568262,23.076708],[72.568573,23.076502],[72.569009,23.076457],[72.569156,23.076374],[72.569342,23.075875],[72.569108,23.07569],[72.569779,23.074358],[72.570406,23.072967],[72.570373,23.072157],[72.569178,23.072223],[72.567691,23.072183],[72.565611,23.072078],[72.566668,23.067759],[72.567442,23.065159],[72.567571,23.064332],[72.567605,23.063369],[72.567509,23.063127],[72.567356,23.06292],[72.566931,23.062551],[72.566835,23.062436],[72.566778,23.062322],[72.566792,23.062199],[72.56684,23.062102],[72.56695,23.061992],[72.567146,23.061812],[72.567356,23.061596],[72.56748,23.061385],[72.567576,23.061178],[72.567648,23.06091],[72.5677,23.060391],[72.567734,23.060167],[72.567868,23.059846],[72.568025,23.059503],[72.568169,23.059252],[72.568307,23.059072],[72.568766,23.058531],[72.569278,23.058003],[72.569842,23.057501],[72.570492,23.056969],[72.570732,23.056806],[72.57104,23.056624],[72.57128,23.0565],[72.571585,23.056371],[72.571664,23.056322],[72.57171,23.056279],[72.57175,23.056228],[72.571792,23.056157],[72.571803,23.056103],[72.5718,23.05598],[72.571709,23.053936],[72.571562,23.052446],[72.570769,23.052408],[72.570727,23.052722],[72.570098,23.052714],[72.569305,23.052772],[72.567626,23.05297],[72.566319,23.053176],[72.566568,23.053848],[72.566821,23.054907],[72.565025,23.055171],[72.564454,23.055255],[72.563733,23.055342],[72.562473,23.055314]]]]}},
{"type":"Feature","properties":{"kmlName":"Ghatlodia","wardNumber":7,"lgdCode":"1302507"},"geometry":{"type":"MultiPolygon","coordinates":[[[[72.556645,23.080158],[72.559127,23.070915],[72.558615,23.070773],[72.557044,23.07011],[72.556205,23.069843],[72.555441,23.069615],[72.554753,23.069437],[72.553763,23.06919],[72.553226,23.06912],[72.552715,23.068988],[72.551687,23.068833],[72.551343,23.069021],[72.551063,23.069021],[72.550332,23.068972],[72.549913,23.068873],[72.549375,23.068675],[72.549287,23.068634],[72.549132,23.068523],[72.548932,23.068428],[72.548857,23.068342],[72.548829,23.068287],[72.548794,23.068164],[72.548772,23.068002],[72.548213,23.067844],[72.547513,23.067709],[72.547166,23.067577],[72.546857,23.067397],[72.546585,23.067182],[72.546329,23.066911],[72.546132,23.066564],[72.545808,23.065981],[72.545589,23.065495],[72.545325,23.064628],[72.545024,23.063594],[72.544722,23.062914],[72.544473,23.062326],[72.544359,23.061917],[72.544251,23.06153],[72.543686,23.061414],[72.542304,23.061215],[72.541456,23.061049],[72.54121,23.060944],[72.540879,23.060772],[72.540615,23.060573],[72.540326,23.06033],[72.540062,23.060109],[72.539773,23.059943],[72.539016,23.059689],[72.538445,23.059561],[72.537661,23.059498],[72.537502,23.058666],[72.53638,23.058897],[72.536317,23.058847],[72.536199,23.058785],[72.536127,23.058772],[72.536005,23.058789],[72.534802,23.059267],[72.534422,23.05943],[72.533897,23.059575],[72.533418,23.059675],[72.533129,23.059746],[72.532803,23.059904],[72.531026,23.061027],[72.530935,23.061127],[72.530886,23.061244],[72.530872,23.061335],[72.530877,23.061418],[72.530913,23.061527],[72.530954,23.061668],[72.530981,23.061839],[72.531162,23.06285],[72.531269,23.063682],[72.53391,23.062269],[72.534539,23.063138],[72.535527,23.064646],[72.535936,23.065364],[72.534854,23.065483],[72.534557,23.065558],[72.534199,23.065677],[72.533867,23.065816],[72.533336,23.066046],[72.532491,23.066419],[72.533371,23.067971],[72.533466,23.068106],[72.533591,23.068205],[72.533729,23.068292],[72.533983,23.068423],[72.534462,23.068637],[72.534759,23.068728],[72.535081,23.068791],[72.535244,23.068812],[72.535343,23.068827],[72.535444,23.068854],[72.536843,23.069541],[72.536921,23.069605],[72.536952,23.069657],[72.536969,23.069717],[72.536969,23.069765],[72.536954,23.069838],[72.536898,23.069986],[72.536863,23.070122],[72.536848,23.070284],[72.53687,23.070452],[72.536919,23.070652],[72.537166,23.071362],[72.537314,23.071891],[72.537234,23.072275],[72.539294,23.073231],[72.540896,23.073821],[72.541205,23.073929],[72.556507,23.080549],[72.556645,23.080158]]]]}},
{"type":"Feature","properties":{"kmlName":"Thaltej","wardNumber":8,"lgdCode":"1302508"},"geometry":{"type":"MultiPolygon","coordinates":[[[[72.498314,23.100764],[72.49864,23.099536],[72.496745,23.094617],[72.495071,23.089988],[72.493745,23.086347],[72.492787,23.083984],[72.499273,23.080531],[72.49958,23.080358],[72.499658,23.080286],[72.499707,23.080196],[72.499731,23.080134],[72.499675,23.079785],[72.499404,23.078088],[72.498913,23.07602],[72.498893,23.075852],[72.498909,23.075768],[72.49896,23.075699],[72.499069,23.075621],[72.499174,23.075547],[72.499221,23.075478],[72.499242,23.075394],[72.499191,23.075057],[72.499092,23.074801],[72.498838,23.07438],[72.498757,23.0741],[72.498804,23.073701],[72.498808,23.073242],[72.498923,23.071584],[72.498835,23.070864],[72.49874,23.070268],[72.498642,23.070003],[72.498421,23.069454],[72.498091,23.068865],[72.497881,23.06836],[72.497866,23.068322],[72.497853,23.068235],[72.497861,23.068173],[72.497876,23.068102],[72.497899,23.068041],[72.497923,23.06798],[72.497972,23.06792],[72.498039,23.067842],[72.49818,23.067705],[72.498325,23.067517],[72.498366,23.06743],[72.498385,23.067332],[72.498393,23.067136],[72.498491,23.066855],[72.498698,23.066563],[72.499174,23.065822],[72.49987,23.064239],[72.49998,23.064115],[72.500163,23.064048],[72.500334,23.064048],[72.501591,23.06434],[72.501823,23.064351],[72.501993,23.06425],[72.502262,23.063925],[72.502604,23.063015],[72.502665,23.062656],[72.502567,23.062263],[72.502579,23.06187],[72.502787,23.061364],[72.501066,23.059983],[72.500529,23.059871],[72.499113,23.059197],[72.501444,23.058276],[72.502836,23.057524],[72.507998,23.059792],[72.514954,23.062768],[72.522326,23.065957],[72.526117,23.067589],[72.526347,23.067685],[72.526449,23.067692],[72.526548,23.067679],[72.52665,23.067634],[72.526759,23.067552],[72.526916,23.067386],[72.527247,23.066991],[72.527376,23.066868],[72.528614,23.065788],[72.529862,23.064649],[72.53037,23.064211],[72.53074,23.063948],[72.531269,23.063682],[72.531162,23.06285],[72.530981,23.061839],[72.530954,23.061668],[72.530913,23.061527],[72.530877,23.061418],[72.530872,23.061335],[72.530886,23.061244],[72.530935,23.061127],[72.531026,23.061027],[72.532803,23.059904],[72.533129,23.059746],[72.533418,23.059675],[72.533897,23.059575],[72.534422,23.05943],[72.534802,23.059267],[72.536005,23.058789],[72.536127,23.058772],[72.536199,23.058785],[72.536317,23.058847],[72.53638,23.058897],[72.536263,23.057857],[72.536213,23.057291],[72.536204,23.056559],[72.536235,23.055805],[72.536258,23.055435],[72.536326,23.055119],[72.536453,23.054719],[72.536588,23.054424],[72.536787,23.054016],[72.537511,23.05288],[72.537967,23.052144],[72.538095,23.051811],[72.533721,23.052377],[72.533586,23.045792],[72.533366,23.045782],[72.532837,23.045796],[72.532256,23.045845],[72.531392,23.045946],[72.530453,23.046042],[72.529277,23.043513],[72.527868,23.040381],[72.526727,23.04107],[72.525172,23.042],[72.524632,23.042298],[72.524387,23.042425],[72.524114,23.042525],[72.523763,23.04265],[72.52191,23.043305],[72.519758,23.04398],[72.518454,23.044399],[72.518166,23.04452],[72.518014,23.044602],[72.517862,23.044708],[72.517187,23.0453],[72.51592,23.046456],[72.516585,23.04783],[72.516129,23.047907],[72.516035,23.047724],[72.515265,23.047569],[72.514462,23.04741],[72.513971,23.047357],[72.513122,23.047378],[72.512661,23.047392],[72.511667,23.047305],[72.511275,23.047305],[72.511168,23.04693],[72.511009,23.046387],[72.510826,23.045949],[72.510517,23.046092],[72.510171,23.046184],[72.509752,23.046247],[72.509402,23.046317],[72.508895,23.046404],[72.508636,23.046422],[72.508408,23.046401],[72.507955,23.046282],[72.50615,23.045875],[72.505727,23.04564],[72.505358,23.044575],[72.505289,23.044397],[72.505281,23.044134],[72.505586,23.043881],[72.505346,23.043443],[72.504703,23.043184],[72.504813,23.042753],[72.504706,23.042091],[72.503842,23.042178],[72.503804,23.04186],[72.502041,23.041698],[72.501525,23.041578],[72.501451,23.040871],[72.499234,23.040293],[72.497749,23.040121],[72.495921,23.039799],[72.495228,23.039393],[72.494109,23.039435],[72.493793,23.039294],[72.493553,23.039123],[72.493336,23.038944],[72.49326,23.038804],[72.493214,23.038594],[72.493058,23.037146],[72.492216,23.037315],[72.490975,23.037465],[72.490556,23.037381],[72.488762,23.037325],[72.488595,23.038688],[72.488663,23.0394],[72.489184,23.041516],[72.489429,23.042666],[72.489204,23.043941],[72.488968,23.044223],[72.488366,23.043937],[72.487532,23.043753],[72.487228,23.043685],[72.487255,23.043132],[72.487136,23.042175],[72.486607,23.042052],[72.485484,23.04228],[72.485008,23.042014],[72.48481,23.041947],[72.484566,23.042035],[72.483964,23.042946],[72.483511,23.043303],[72.483012,23.043422],[72.482514,23.043408],[72.482034,23.043338],[72.480427,23.043212],[72.478968,23.043104],[72.477921,23.043146],[72.476109,23.042938],[72.475496,23.042289],[72.475471,23.041965],[72.474581,23.041702],[72.473857,23.041578],[72.473759,23.041674],[72.473273,23.042088],[72.472758,23.042469],[72.472215,23.042817],[72.471647,23.043129],[72.471059,23.043403],[72.470449,23.043639],[72.470237,23.043705],[72.469824,23.043835],[72.469187,23.043991],[72.468538,23.044104],[72.467883,23.044176],[72.467225,23.044205],[72.466566,23.044192],[72.465221,23.044022],[72.464513,23.043949],[72.463803,23.043888],[72.463091,23.043837],[72.462378,23.043799],[72.461666,23.043773],[72.460953,23.043757],[72.46024,23.043754],[72.459526,23.04376],[72.458813,23.043779],[72.4581,23.04381],[72.457389,23.043853],[72.456677,23.043906],[72.455967,23.043971],[72.455258,23.044048],[72.454551,23.044136],[72.453846,23.044235],[72.453143,23.044345],[72.45244,23.044467],[72.451742,23.0446],[72.451044,23.044744],[72.450351,23.044901],[72.449661,23.045068],[72.447896,23.047199],[72.447417,23.047777],[72.44743,23.047942],[72.447531,23.048344],[72.447687,23.049011],[72.4478,23.049473],[72.4479,23.050156],[72.447929,23.050245],[72.448329,23.050223],[72.448448,23.050663],[72.44856,23.051314],[72.448568,23.051775],[72.447852,23.051915],[72.447243,23.052023],[72.447282,23.052306],[72.447398,23.052796],[72.447619,23.053706],[72.44776,23.054363],[72.447855,23.054962],[72.447968,23.055415],[72.448031,23.055884],[72.448171,23.056822],[72.448267,23.057224],[72.448381,23.058184],[72.448418,23.058573],[72.448593,23.059504],[72.44867,23.059895],[72.448797,23.060454],[72.44922,23.060554],[72.449567,23.060672],[72.45017,23.060924],[72.450515,23.061091],[72.450626,23.061144],[72.451511,23.061511],[72.451531,23.06152],[72.451996,23.061743],[72.452207,23.061891],[72.452599,23.062261],[72.45293,23.062564],[72.453142,23.062514],[72.453523,23.06239],[72.453657,23.062371],[72.45393,23.062332],[72.454407,23.062273],[72.454789,23.062267],[72.454831,23.062266],[72.455789,23.06224],[72.456431,23.062253],[72.456972,23.062206],[72.457621,23.062091],[72.458029,23.061936],[72.458535,23.061712],[72.458879,23.061531],[72.459488,23.061174],[72.459918,23.060983],[72.460397,23.060785],[72.460837,23.060595],[72.461459,23.060345],[72.461968,23.060342],[72.462489,23.060465],[72.462899,23.060543],[72.462947,23.060552],[72.463471,23.060633],[72.463976,23.060774],[72.464511,23.060915],[72.46491,23.060995],[72.46568,23.061195],[72.46635,23.061325],[72.466731,23.061385],[72.467077,23.061513],[72.467398,23.061659],[72.467475,23.061694],[72.467656,23.061753],[72.467885,23.061931],[72.468026,23.062081],[72.468245,23.062414],[72.468325,23.062672],[72.468905,23.062724],[72.469297,23.062752],[72.46979,23.062763],[72.469834,23.062764],[72.470407,23.062775],[72.470468,23.063184],[72.470509,23.063425],[72.470755,23.063474],[72.471347,23.063582],[72.471768,23.063621],[72.471815,23.063762],[72.471825,23.064104],[72.471997,23.064223],[72.472169,23.064365],[72.472214,23.064446],[72.47229,23.064675],[72.472291,23.06527],[72.472277,23.065426],[72.472158,23.065494],[72.472056,23.065535],[72.472046,23.065963],[72.472087,23.066473],[72.472187,23.067155],[72.472217,23.067323],[72.472257,23.067744],[72.472277,23.068603],[72.472325,23.069071],[72.472326,23.069657],[72.472337,23.069901],[72.472344,23.069927],[72.472415,23.070191],[72.472518,23.07039],[72.472632,23.070654],[72.472946,23.070743],[72.473397,23.070793],[72.473846,23.070857],[72.474132,23.070885],[72.474307,23.070903],[72.474528,23.070881],[72.474363,23.071297],[72.474329,23.071383],[72.474157,23.071785],[72.473948,23.072203],[72.473525,23.0728],[72.473197,23.0733],[72.472916,23.0736],[72.472307,23.073953],[72.471844,23.074294],[72.471407,23.074613],[72.470816,23.074921],[72.470294,23.075241],[72.469535,23.075784],[72.46921,23.076072],[72.468869,23.076452],[72.468458,23.07693],[72.468115,23.077341],[72.467753,23.077821],[72.467189,23.07861],[72.466917,23.079011],[72.466517,23.079724],[72.466337,23.08007],[72.466127,23.080512],[72.465955,23.080888],[72.465939,23.080922],[72.465839,23.081369],[72.465779,23.081633],[72.465345,23.081635],[72.465017,23.081623],[72.464777,23.081634],[72.464718,23.081364],[72.464667,23.081302],[72.464398,23.081201],[72.464059,23.081041],[72.46381,23.080941],[72.463599,23.081152],[72.463447,23.081361],[72.463358,23.081532],[72.463039,23.081433],[72.462629,23.081284],[72.462706,23.081071],[72.462819,23.080855],[72.462474,23.080691],[72.462152,23.08049],[72.461636,23.080202],[72.46138,23.08007],[72.46121,23.079982],[72.460824,23.079806],[72.460656,23.079729],[72.460209,23.079532],[72.460091,23.080033],[72.460017,23.080361],[72.45992,23.080661],[72.459674,23.081022],[72.459558,23.081311],[72.459484,23.08164],[72.459467,23.081943],[72.459507,23.082102],[72.459542,23.082274],[72.459587,23.082784],[72.45963,23.083251],[72.459657,23.083562],[72.459695,23.083932],[72.459938,23.083871],[72.460334,23.083743],[72.460599,23.083687],[72.460708,23.083664],[72.461107,23.083574],[72.46146,23.08349],[72.4619,23.083382],[72.462251,23.08334],[72.462568,23.083333],[72.46264,23.083331],[72.46305,23.083315],[72.463308,23.083332],[72.463418,23.083332],[72.464061,23.083333],[72.464327,23.083373],[72.464647,23.083454],[72.464821,23.083517],[72.46494,23.083561],[72.465205,23.083703],[72.465731,23.083913],[72.465827,23.084582],[72.466305,23.084601],[72.466825,23.084645],[72.467276,23.084686],[72.467989,23.084772],[72.468093,23.084787],[72.468637,23.084864],[72.469097,23.084924],[72.46991,23.085084],[72.470499,23.08515],[72.470965,23.085191],[72.471735,23.085312],[72.472128,23.08541],[72.47251,23.085535],[72.472699,23.085605],[72.472886,23.085674],[72.473179,23.085756],[72.473626,23.085881],[72.473995,23.086051],[72.474057,23.086085],[72.474377,23.086259],[72.474874,23.086528],[72.475228,23.086711],[72.475667,23.086964],[72.47603,23.087235],[72.476404,23.087572],[72.476466,23.087637],[72.476709,23.087891],[72.476984,23.088223],[72.477155,23.088462],[72.477346,23.088771],[72.477407,23.088922],[72.477559,23.089141],[72.477687,23.089433],[72.477767,23.089769],[72.477923,23.090183],[72.477946,23.09025],[72.478038,23.09052],[72.478154,23.090923],[72.478254,23.091167],[72.478306,23.091571],[72.478333,23.09213],[72.478326,23.092863],[72.478315,23.093393],[72.478426,23.09432],[72.478465,23.094599],[72.478657,23.095069],[72.478846,23.095341],[72.479103,23.095573],[72.479144,23.09561],[72.479806,23.095979],[72.480117,23.096105],[72.480405,23.096212],[72.480829,23.096302],[72.481222,23.09639],[72.481553,23.096439],[72.481583,23.096611],[72.481652,23.097057],[72.481697,23.09723],[72.482007,23.0973],[72.482126,23.097316],[72.482638,23.097384],[72.482726,23.097396],[72.482833,23.09741],[72.483194,23.097443],[72.483284,23.097451],[72.483748,23.097525],[72.484284,23.097597],[72.484513,23.097628],[72.484826,23.09767],[72.485325,23.09775],[72.485602,23.09782],[72.485644,23.097831],[72.485724,23.097849],[72.486343,23.097989],[72.486714,23.09804],[72.487182,23.098128],[72.487517,23.0982],[72.488583,23.098391],[72.489071,23.098479],[72.489403,23.098519],[72.490155,23.098685],[72.490625,23.098759],[72.490997,23.098865],[72.491293,23.098921],[72.491945,23.099119],[72.492443,23.099276],[72.492463,23.099283],[72.492629,23.099429],[72.492807,23.09958],[72.492843,23.09961],[72.493105,23.099568],[72.493346,23.099529],[72.493734,23.099553],[72.494232,23.099559],[72.494814,23.099569],[72.495205,23.099586],[72.49551,23.099599],[72.495982,23.099622],[72.496444,23.09965],[72.496764,23.099647],[72.497374,23.0997],[72.497572,23.099719],[72.497611,23.099719],[72.497995,23.099722],[72.497983,23.099805],[72.497971,23.099882],[72.49797,23.100338],[72.49797,23.10052],[72.498314,23.100764]]]]}},
{"type":"Feature","properties":{"kmlName":"Naranpura","wardNumber":9,"lgdCode":"1302509"},"geometry":{"type":"MultiPolygon","coordinates":[[[[72.558615,23.070773],[72.562473,23.055314],[72.56483,23.046844],[72.564049,23.047026],[72.562968,23.047382],[72.562515,23.047525],[72.562185,23.047588],[72.561878,23.047591],[72.561734,23.047593],[72.560271,23.047615],[72.559805,23.047598],[72.557222,23.047381],[72.556143,23.047267],[72.555435,23.047153],[72.554462,23.046887],[72.554144,23.046839],[72.553701,23.046811],[72.553235,23.046839],[72.552392,23.046925],[72.551785,23.04698],[72.550882,23.047132],[72.550269,23.047208],[72.549826,23.047229],[72.547798,23.047218],[72.546907,23.047229],[72.546429,23.047256],[72.545905,23.047338],[72.544973,23.047517],[72.543922,23.047705],[72.544642,23.048597],[72.545456,23.049623],[72.545863,23.050143],[72.546129,23.050616],[72.546388,23.051093],[72.546583,23.051544],[72.546724,23.051929],[72.546767,23.052129],[72.546292,23.052199],[72.545883,23.052213],[72.545561,23.052192],[72.545317,23.052155],[72.545149,23.052111],[72.54496,23.052034],[72.544854,23.051959],[72.544676,23.051835],[72.544575,23.051724],[72.544484,23.051579],[72.544445,23.051434],[72.544422,23.051383],[72.544396,23.051364],[72.544301,23.05131],[72.544268,23.051246],[72.544202,23.05112],[72.54385,23.051048],[72.543556,23.051033],[72.543444,23.051028],[72.543278,23.051267],[72.543148,23.051367],[72.542786,23.051613],[72.542558,23.051685],[72.542354,23.0517],[72.541819,23.051765],[72.541104,23.051852],[72.540538,23.051859],[72.539492,23.051852],[72.538095,23.051811],[72.537967,23.052144],[72.537511,23.05288],[72.536787,23.054016],[72.536588,23.054424],[72.536453,23.054719],[72.536326,23.055119],[72.536258,23.055435],[72.536235,23.055805],[72.536204,23.056559],[72.536213,23.057291],[72.536263,23.057857],[72.53638,23.058897],[72.537502,23.058666],[72.537661,23.059498],[72.538445,23.059561],[72.539016,23.059689],[72.539773,23.059943],[72.540062,23.060109],[72.540326,23.06033],[72.540615,23.060573],[72.540879,23.060772],[72.54121,23.060944],[72.541456,23.061049],[72.542304,23.061215],[72.543686,23.061414],[72.544251,23.06153],[72.544359,23.061917],[72.544473,23.062326],[72.544722,23.062914],[72.545024,23.063594],[72.545325,23.064628],[72.545589,23.065495],[72.545808,23.065981],[72.546132,23.066564],[72.546329,23.066911],[72.546585,23.067182],[72.546857,23.067397],[72.547166,23.067577],[72.547513,23.067709],[72.548213,23.067844],[72.548772,23.068002],[72.548794,23.068164],[72.548829,23.068287],[72.548857,23.068342],[72.548932,23.068428],[72.549132,23.068523],[72.549287,23.068634],[72.549375,23.068675],[72.549913,23.068873],[72.550332,23.068972],[72.551063,23.069021],[72.551343,23.069021],[72.551687,23.068833],[72.552715,23.068988],[72.553226,23.06912],[72.553763,23.06919],[72.554753,23.069437],[72.555441,23.069615],[72.556205,23.069843],[72.557044,23.07011],[72.558615,23.070773]]]]}},
{"type":"Feature","properties":{"kmlName":"S. P. Stadium","wardNumber":10,"lgdCode":"1302510"},"geometry":{"type":"MultiPolygon","coordinates":[[[[72.570406,23.072967],[72.571549,23.071758],[72.572351,23.070726],[72.573832,23.070102],[72.574984,23.069449],[72.576465,23.068777],[72.576687,23.068719],[72.576959,23.068671],[72.577177,23.068667],[72.577315,23.068671],[72.577452,23.068693],[72.578871,23.069099],[72.579535,23.069251],[72.580207,23.069512],[72.582303,23.069927],[72.582482,23.069994],[72.582669,23.070123],[72.584531,23.071602],[72.58473,23.071789],[72.584829,23.071871],[72.584882,23.0719],[72.584959,23.071931],[72.585051,23.071947],[72.585135,23.071951],[72.58522,23.071941],[72.585293,23.071924],[72.586158,23.071396],[72.586775,23.072553],[72.587394,23.069494],[72.587915,23.069613],[72.589158,23.066619],[72.589249,23.06594],[72.589504,23.063031],[72.586549,23.061114],[72.583642,23.059107],[72.582507,23.058245],[72.580845,23.05683],[72.580311,23.056274],[72.578929,23.054551],[72.577702,23.052619],[72.576885,23.051086],[72.576304,23.04983],[72.575518,23.047705],[72.574109,23.043348],[72.573421,23.040137],[72.572568,23.040176],[72.571801,23.040194],[72.571177,23.040196],[72.570347,23.040239],[72.569443,23.04033],[72.568501,23.040285],[72.568123,23.040272],[72.567362,23.040181],[72.566188,23.040041],[72.565111,23.039838],[72.56471,23.03974],[72.564543,23.039696],[72.564445,23.039665],[72.564421,23.03966],[72.56434,23.039652],[72.564253,23.039654],[72.564161,23.039669],[72.564119,23.039679],[72.564092,23.039686],[72.564066,23.039696],[72.564047,23.039705],[72.563996,23.03973],[72.563972,23.039744],[72.563938,23.039769],[72.563924,23.039781],[72.563913,23.039792],[72.563896,23.039814],[72.563886,23.039831],[72.56386,23.039878],[72.563147,23.041536],[72.562355,23.043465],[72.5621,23.044824],[72.561878,23.047591],[72.562185,23.047588],[72.562515,23.047525],[72.562968,23.047382],[72.564049,23.047026],[72.56483,23.046844],[72.562473,23.055314],[72.563733,23.055342],[72.564454,23.055255],[72.565025,23.055171],[72.566821,23.054907],[72.566568,23.053848],[72.566319,23.053176],[72.567626,23.05297],[72.569305,23.052772],[72.570098,23.052714],[72.570727,23.052722],[72.570769,23.052408],[72.571562,23.052446],[72.571709,23.053936],[72.5718,23.05598],[72.571803,23.056103],[72.571792,23.056157],[72.57175,23.056228],[72.57171,23.056279],[72.571664,23.056322],[72.571585,23.056371],[72.57128,23.0565],[72.57104,23.056624],[72.570732,23.056806],[72.570492,23.056969],[72.569842,23.057501],[72.569278,23.058003],[72.568766,23.058531],[72.568307,23.059072],[72.568169,23.059252],[72.568025,23.059503],[72.567868,23.059846],[72.567734,23.060167],[72.5677,23.060391],[72.567648,23.06091],[72.567576,23.061178],[72.56748,23.061385],[72.567356,23.061596],[72.567146,23.061812],[72.56695,23.061992],[72.56684,23.062102],[72.566792,23.062199],[72.566778,23.062322],[72.566835,23.062436],[72.566931,23.062551],[72.567356,23.06292],[72.567509,23.063127],[72.567605,23.063369],[72.567571,23.064332],[72.567442,23.065159],[72.566668,23.067759],[72.565611,23.072078],[72.567691,23.072183],[72.569178,23.072223],[72.570373,23.072157],[72.570406,23.072967]]]]}},
{"type":"Feature","properties":{"kmlName":"Sardar Nagar","wardNumber":11,"lgdCode":"1302511"},"geometry":{"type":"MultiPolygon","coordinates":[[[[72.677074,23.106453],[72.677313,23.106367],[72.677671,23.106371],[72.678797,23.106505],[72.679161,23.106548],[72.67961,23.10663],[72.68039,23.106637],[72.677821,23.103658],[72.673221,23.099318],[72.66849,23.095148],[72.663654,23.090566],[72.651917,23.080009],[72.647221,23.075824],[72.646982,23.075987],[72.646889,23.076009],[72.64631,23.076078],[72.645904,23.076124],[72.645703,23.076263],[72.644974,23.076445],[72.644785,23.076547],[72.644713,23.076593],[72.644671,23.076755],[72.644654,23.077323],[72.644777,23.07739],[72.644942,23.078157],[72.64522,23.079202],[72.644812,23.079414],[72.644595,23.079622],[72.644359,23.079928],[72.643703,23.080099],[72.643579,23.080175],[72.64349,23.080307],[72.642677,23.0805],[72.641995,23.080567],[72.641908,23.080724],[72.642241,23.08149],[72.641852,23.081806],[72.640942,23.081463],[72.639746,23.080253],[72.639114,23.08026],[72.637288,23.079636],[72.637209,23.079609],[72.637229,23.079489],[72.637333,23.078858],[72.636665,23.078634],[72.636633,23.077547],[72.635987,23.077333],[72.635949,23.077889],[72.635637,23.077851],[72.635382,23.079823],[72.635228,23.079854],[72.634726,23.079953],[72.633795,23.079549],[72.632418,23.07953],[72.631048,23.079499],[72.629512,23.079387],[72.62983,23.078463],[72.628949,23.078338],[72.628721,23.078344],[72.628456,23.079289],[72.628387,23.079272],[72.627992,23.079175],[72.628016,23.079057],[72.62807,23.078282],[72.626894,23.078135],[72.626785,23.078864],[72.626748,23.079115],[72.626374,23.078966],[72.625785,23.078731],[72.625412,23.078382],[72.625303,23.079697],[72.62513,23.07968],[72.62436,23.07961],[72.622603,23.079543],[72.620504,23.079449],[72.618398,23.079599],[72.617598,23.079371],[72.616746,23.080719],[72.616013,23.081571],[72.615223,23.082743],[72.615095,23.082934],[72.61453,23.083119],[72.61011,23.084282],[72.607291,23.084987],[72.604538,23.085628],[72.60216,23.082997],[72.602054,23.084054],[72.601539,23.085205],[72.601764,23.085825],[72.601605,23.08603],[72.601645,23.086499],[72.602091,23.087071],[72.603835,23.087269],[72.603468,23.088016],[72.604488,23.088492],[72.604743,23.088118],[72.605595,23.088521],[72.605531,23.089085],[72.608382,23.08943],[72.609202,23.088997],[72.61062,23.089166],[72.611289,23.088946],[72.612236,23.089173],[72.612953,23.089496],[72.615272,23.09188],[72.616809,23.091975],[72.617447,23.092014],[72.618689,23.091996],[72.62123,23.091921],[72.621916,23.091848],[72.624137,23.091702],[72.625075,23.0916],[72.626438,23.091463],[72.626849,23.091345],[72.627905,23.091082],[72.628376,23.091041],[72.629096,23.091002],[72.629915,23.091051],[72.631099,23.091089],[72.631616,23.091114],[72.632726,23.091302],[72.633986,23.091501],[72.634476,23.091562],[72.635166,23.0916],[72.636545,23.091805],[72.637353,23.091978],[72.638128,23.09219],[72.638745,23.092465],[72.639338,23.092742],[72.640063,23.09322],[72.640825,23.093764],[72.642116,23.094734],[72.642798,23.095261],[72.643454,23.096012],[72.644295,23.097182],[72.644781,23.097828],[72.645746,23.099368],[72.646252,23.100301],[72.646614,23.101213],[72.647644,23.101152],[72.648234,23.101111],[72.648746,23.101048],[72.648891,23.101022],[72.649114,23.100983],[72.649553,23.10088],[72.649912,23.100782],[72.650372,23.100578],[72.650598,23.100372],[72.650984,23.099893],[72.651254,23.099431],[72.651572,23.098843],[72.651874,23.09833],[72.651958,23.098029],[72.652191,23.097747],[72.652293,23.097541],[72.652305,23.097516],[72.652626,23.096842],[72.652924,23.096418],[72.653717,23.09571],[72.654525,23.095071],[72.654906,23.094771],[72.655163,23.094724],[72.655627,23.094761],[72.656498,23.09483],[72.656882,23.094879],[72.657527,23.094962],[72.657913,23.095101],[72.658555,23.095381],[72.658682,23.095568],[72.658791,23.095729],[72.658913,23.09591],[72.658998,23.096292],[72.659076,23.09664],[72.659084,23.096679],[72.659224,23.096861],[72.659413,23.096944],[72.659941,23.096951],[72.660134,23.096927],[72.660252,23.096912],[72.660393,23.096894],[72.660512,23.096821],[72.660624,23.096679],[72.660633,23.096343],[72.660722,23.096177],[72.661013,23.096062],[72.661883,23.09574],[72.662513,23.095443],[72.663532,23.09522],[72.663935,23.095142],[72.663967,23.095137],[72.664882,23.094971],[72.665243,23.094832],[72.665515,23.095172],[72.665593,23.095268],[72.666043,23.095862],[72.666392,23.096289],[72.666762,23.096989],[72.667191,23.098029],[72.667366,23.098446],[72.667864,23.099633],[72.668524,23.100997],[72.669422,23.102751],[72.671096,23.106075],[72.67174,23.107353],[72.672124,23.108058],[72.672831,23.107977],[72.674431,23.10763],[72.674984,23.107449],[72.676233,23.106873],[72.677074,23.106453]]]]}},
{"type":"Feature","properties":{"kmlName":"Naroda","wardNumber":12,"lgdCode":"1302512"},"geometry":{"type":"MultiPolygon","coordinates":[[[[72.683549,23.10172],[72.68379,23.101691],[72.684887,23.101859],[72.685658,23.102028],[72.686398,23.102191],[72.686901,23.102301],[72.6883,23.10259],[72.68898,23.10271],[72.690446,23.100608],[72.690551,23.10051],[72.691104,23.099872],[72.6913,23.099592],[72.691584,23.099185],[72.691982,23.098455],[72.692049,23.098293],[72.692296,23.09769],[72.692522,23.0969],[72.692564,23.096695],[72.692673,23.096165],[72.692731,23.095559],[72.692751,23.095349],[72.692736,23.09453],[72.692629,23.093716],[72.69243,23.092918],[72.692648,23.092635],[72.692947,23.092248],[72.695875,23.088456],[72.695541,23.087866],[72.69512,23.087327],[72.694621,23.086846],[72.694055,23.086433],[72.693433,23.086098],[72.692765,23.085846],[72.692066,23.085684],[72.691349,23.085612],[72.690627,23.085633],[72.689916,23.085748],[72.689228,23.085952],[72.688579,23.086242],[72.687978,23.086613],[72.687439,23.087058],[72.686956,23.087593],[72.685583,23.087023],[72.685599,23.086231],[72.685701,23.085446],[72.685891,23.084675],[72.686169,23.083927],[72.686528,23.083208],[72.686967,23.082529],[72.687507,23.082062],[72.688161,23.081556],[72.688731,23.080971],[72.689208,23.080319],[72.689584,23.079613],[72.689849,23.078865],[72.689999,23.07809],[72.690214,23.077412],[72.690639,23.076919],[72.691135,23.076484],[72.691645,23.076147],[72.69169,23.076117],[72.692296,23.075826],[72.692939,23.075615],[72.693608,23.075488],[72.694289,23.075449],[72.694968,23.075498],[72.69577,23.075672],[72.696535,23.075933],[72.697333,23.076094],[72.698147,23.076149],[72.698962,23.0761],[72.699762,23.075946],[72.699828,23.075924],[72.700532,23.07569],[72.701255,23.075339],[72.701919,23.074897],[72.702511,23.074376],[72.703018,23.073783],[72.70343,23.073131],[72.703695,23.07256],[72.70305,23.072254],[72.702084,23.071812],[72.701109,23.071387],[72.700125,23.070978],[72.699134,23.070584],[72.698137,23.070206],[72.697132,23.069846],[72.69612,23.0695],[72.695101,23.069171],[72.694077,23.068859],[72.693046,23.068563],[72.692012,23.068284],[72.690971,23.068022],[72.689924,23.067776],[72.688874,23.067548],[72.687821,23.067336],[72.686763,23.067142],[72.685701,23.066964],[72.684636,23.066804],[72.683568,23.066661],[72.682497,23.066535],[72.681425,23.066427],[72.680507,23.066349],[72.680492,23.066389],[72.679957,23.066965],[72.677877,23.067857],[72.676721,23.06792],[72.675796,23.068246],[72.675886,23.069477],[72.675089,23.069555],[72.672263,23.069809],[72.669388,23.070267],[72.668749,23.070405],[72.6681,23.070592],[72.667394,23.07081],[72.666837,23.070922],[72.666092,23.071015],[72.664379,23.071309],[72.66331,23.071545],[72.66266,23.071456],[72.662636,23.070864],[72.662578,23.069724],[72.662573,23.069283],[72.662549,23.069185],[72.66251,23.069132],[72.662375,23.069038],[72.661489,23.068562],[72.661155,23.068419],[72.660463,23.068228],[72.661136,23.067864],[72.661578,23.067739],[72.661766,23.067021],[72.662062,23.065776],[72.662114,23.065102],[72.662175,23.064963],[72.662142,23.062849],[72.661619,23.062801],[72.661789,23.059821],[72.661118,23.059774],[72.661142,23.058883],[72.659907,23.058926],[72.659484,23.059389],[72.658668,23.059435],[72.656829,23.059407],[72.656138,23.059455],[72.655711,23.05953],[72.65554,23.059703],[72.655345,23.060167],[72.654751,23.060152],[72.654749,23.060214],[72.65476,23.060519],[72.654807,23.061507],[72.654776,23.061928],[72.654751,23.061985],[72.654713,23.062024],[72.654655,23.062069],[72.654592,23.062096],[72.654509,23.062105],[72.653718,23.062093],[72.653563,23.062109],[72.653429,23.062145],[72.652484,23.062194],[72.652341,23.062243],[72.652219,23.062322],[72.65205,23.062368],[72.651874,23.062359],[72.651748,23.062335],[72.651645,23.062234],[72.651105,23.061673],[72.650223,23.060874],[72.650086,23.060715],[72.649708,23.059267],[72.649743,23.058952],[72.649853,23.058619],[72.650066,23.058097],[72.650437,23.057444],[72.651083,23.056494],[72.651276,23.056174],[72.650105,23.055806],[72.649958,23.055744],[72.647697,23.054523],[72.647252,23.055573],[72.646794,23.056477],[72.64675,23.056534],[72.646716,23.056577],[72.646675,23.056622],[72.646635,23.056654],[72.646588,23.056679],[72.646535,23.056699],[72.646466,23.056718],[72.642636,23.057078],[72.643006,23.061133],[72.643071,23.061878],[72.643087,23.062355],[72.643032,23.06295],[72.642974,23.063571],[72.642968,23.063826],[72.642946,23.064224],[72.642964,23.064608],[72.642978,23.064837],[72.643022,23.064989],[72.643104,23.065128],[72.643216,23.065274],[72.645438,23.067837],[72.647177,23.069898],[72.64807,23.070953],[72.648495,23.071576],[72.649039,23.072509],[72.649439,23.07322],[72.649924,23.073846],[72.651573,23.075816],[72.653101,23.077551],[72.653268,23.077778],[72.653337,23.07795],[72.653359,23.078087],[72.653324,23.078244],[72.653268,23.078368],[72.653071,23.078564],[72.652614,23.078897],[72.652461,23.07901],[72.652308,23.079155],[72.652217,23.079268],[72.652168,23.079334],[72.652125,23.079416],[72.652069,23.079539],[72.651917,23.080009],[72.663654,23.090566],[72.66849,23.095148],[72.673221,23.099318],[72.677821,23.103658],[72.68039,23.106637],[72.680432,23.106637],[72.680514,23.1066],[72.680593,23.106267],[72.680764,23.10562],[72.680897,23.104275],[72.680902,23.104221],[72.680999,23.103829],[72.681,23.103795],[72.681025,23.103132],[72.68103,23.103001],[72.68098,23.102749],[72.681085,23.10257],[72.681352,23.102431],[72.681558,23.10239],[72.681934,23.102357],[72.682514,23.102224],[72.682552,23.102198],[72.682694,23.102101],[72.682841,23.102],[72.683549,23.10172]]]]}},
{"type":"Feature","properties":{"kmlName":"Saijpur Bogha","wardNumber":13,"lgdCode":"1302513"},"geometry":{"type":"MultiPolygon","coordinates":[[[[72.642636,23.057078],[72.640996,23.045772],[72.640627,23.045838],[72.640536,23.045869],[72.640472,23.045922],[72.64023,23.046237],[72.639968,23.046541],[72.639777,23.046707],[72.639599,23.046841],[72.639373,23.046977],[72.63876,23.047277],[72.638601,23.047335],[72.638332,23.047416],[72.638124,23.047467],[72.636306,23.048007],[72.634992,23.048615],[72.634332,23.049004],[72.633243,23.049716],[72.632496,23.050241],[72.632408,23.050333],[72.632345,23.050404],[72.632303,23.050498],[72.632274,23.050595],[72.63225,23.050714],[72.632222,23.050853],[72.632206,23.050932],[72.632124,23.051369],[72.632092,23.051507],[72.632064,23.051595],[72.632019,23.051688],[72.631917,23.051846],[72.629954,23.05398],[72.628548,23.055623],[72.628134,23.056004],[72.627664,23.056377],[72.627231,23.056668],[72.626929,23.056833],[72.626684,23.056935],[72.647221,23.075824],[72.651917,23.080009],[72.652069,23.079539],[72.652125,23.079416],[72.652168,23.079334],[72.652217,23.079268],[72.652308,23.079155],[72.652461,23.07901],[72.652614,23.078897],[72.653071,23.078564],[72.653268,23.078368],[72.653324,23.078244],[72.653359,23.078087],[72.653337,23.07795],[72.653268,23.077778],[72.653101,23.077551],[72.651573,23.075816],[72.649924,23.073846],[72.649439,23.07322],[72.649039,23.072509],[72.648495,23.071576],[72.64807,23.070953],[72.647177,23.069898],[72.645438,23.067837],[72.643216,23.065274],[72.643104,23.065128],[72.643022,23.064989],[72.642978,23.064837],[72.642964,23.064608],[72.642946,23.064224],[72.642968,23.063826],[72.642974,23.063571],[72.643032,23.06295],[72.643087,23.062355],[72.643071,23.061878],[72.643006,23.061133],[72.642636,23.057078]]]]}},
{"type":"Feature","properties":{"kmlName":"Kuber Nagar","wardNumber":14,"lgdCode":"1302514"},"geometry":{"type":"MultiPolygon","coordinates":[[[[72.64349,23.080307],[72.643579,23.080175],[72.643703,23.080099],[72.644359,23.079928],[72.644595,23.079622],[72.644812,23.079414],[72.64522,23.079202],[72.644942,23.078157],[72.644777,23.07739],[72.644654,23.077323],[72.644671,23.076755],[72.644713,23.076593],[72.644785,23.076547],[72.644974,23.076445],[72.645703,23.076263],[72.645904,23.076124],[72.64631,23.076078],[72.646889,23.076009],[72.646982,23.075987],[72.647221,23.075824],[72.626684,23.056935],[72.626013,23.057132],[72.625705,23.057216],[72.625491,23.05725],[72.62521,23.057306],[72.624929,23.057366],[72.624499,23.057495],[72.623504,23.057888],[72.620994,23.059053],[72.619519,23.059586],[72.618345,23.059976],[72.617605,23.060143],[72.6172,23.060183],[72.616225,23.060255],[72.615952,23.060295],[72.615278,23.06043],[72.615656,23.061227],[72.617155,23.064077],[72.618106,23.063543],[72.619512,23.062629],[72.619615,23.062555],[72.619678,23.062515],[72.619715,23.062496],[72.619769,23.062478],[72.619828,23.062472],[72.619882,23.062484],[72.620244,23.062618],[72.620353,23.062615],[72.620425,23.062594],[72.620497,23.062551],[72.620556,23.062467],[72.620869,23.061765],[72.623668,23.059945],[72.624363,23.060084],[72.625383,23.060287],[72.626226,23.060448],[72.626452,23.060545],[72.626828,23.060895],[72.627045,23.061109],[72.627302,23.061283],[72.627663,23.061802],[72.628251,23.062489],[72.628935,23.063384],[72.628985,23.063543],[72.628915,23.063859],[72.628743,23.064816],[72.628652,23.06493],[72.628175,23.065309],[72.628786,23.065936],[72.628958,23.065984],[72.62987,23.066011],[72.630287,23.066009],[72.630755,23.066115],[72.631379,23.0662],[72.631505,23.066204],[72.631824,23.066276],[72.631836,23.066251],[72.631941,23.066268],[72.631854,23.066716],[72.632603,23.066939],[72.632026,23.069018],[72.631913,23.069665],[72.631924,23.06973],[72.632066,23.069888],[72.632392,23.070313],[72.632462,23.070808],[72.632472,23.071102],[72.632489,23.071594],[72.632499,23.07168],[72.63252,23.071763],[72.632553,23.071826],[72.63259,23.071882],[72.632648,23.071957],[72.634923,23.075069],[72.635936,23.076477],[72.635987,23.077333],[72.636633,23.077547],[72.636665,23.078634],[72.637333,23.078858],[72.637229,23.079489],[72.637209,23.079609],[72.637288,23.079636],[72.639114,23.08026],[72.639746,23.080253],[72.640942,23.081463],[72.641852,23.081806],[72.642241,23.08149],[72.641908,23.080724],[72.641995,23.080567],[72.642677,23.0805],[72.64349,23.080307]]]]}},
{"type":"Feature","properties":{"kmlName":"Asarwa","wardNumber":15,"lgdCode":"1302515"},"geometry":{"type":"MultiPolygon","coordinates":[[[[72.626684,23.056935],[72.613875,23.045292],[72.612134,23.043664],[72.609989,23.041959],[72.60839,23.041257],[72.605007,23.039895],[72.600201,23.038097],[72.599893,23.038545],[72.599849,23.038627],[72.599817,23.038701],[72.599804,23.038752],[72.599797,23.038811],[72.599795,23.038885],[72.5998,23.039025],[72.599845,23.039335],[72.599872,23.039487],[72.599904,23.039618],[72.599952,23.039769],[72.600163,23.040296],[72.600282,23.040533],[72.600601,23.04104],[72.601169,23.042127],[72.601238,23.042298],[72.601302,23.042517],[72.601332,23.0427],[72.601346,23.043068],[72.601373,23.04374],[72.60141,23.045445],[72.604103,23.045425],[72.604305,23.046029],[72.604637,23.046985],[72.607041,23.046053],[72.607046,23.046487],[72.607083,23.047271],[72.607162,23.048006],[72.607309,23.048749],[72.608107,23.048693],[72.608358,23.04897],[72.608946,23.050621],[72.609734,23.051741],[72.61111,23.054171],[72.612265,23.056076],[72.612861,23.055583],[72.614107,23.058052],[72.61475,23.05942],[72.615278,23.06043],[72.615952,23.060295],[72.616225,23.060255],[72.6172,23.060183],[72.617605,23.060143],[72.618345,23.059976],[72.619519,23.059586],[72.620994,23.059053],[72.623504,23.057888],[72.624499,23.057495],[72.624929,23.057366],[72.62521,23.057306],[72.625491,23.05725],[72.625705,23.057216],[72.626013,23.057132],[72.626684,23.056935]]]]}},
{"type":"Feature","properties":{"kmlName":"Shahibag","wardNumber":16,"lgdCode":"1302516"},"geometry":{"type":"MultiPolygon","coordinates":[[[[72.598198,23.060456],[72.598454,23.059565],[72.598945,23.059654],[72.599032,23.059498],[72.599173,23.059522],[72.599796,23.059466],[72.600028,23.059499],[72.600472,23.05947],[72.601478,23.05942],[72.602805,23.059282],[72.603782,23.059182],[72.603812,23.059357],[72.603932,23.059348],[72.603947,23.05947],[72.604648,23.059425],[72.606184,23.059305],[72.607126,23.059223],[72.607781,23.059169],[72.608101,23.059148],[72.608683,23.059009],[72.608954,23.058853],[72.610424,23.057579],[72.611696,23.056553],[72.612265,23.056076],[72.61111,23.054171],[72.609734,23.051741],[72.608946,23.050621],[72.608358,23.04897],[72.608107,23.048693],[72.607309,23.048749],[72.607162,23.048006],[72.607083,23.047271],[72.607046,23.046487],[72.607041,23.046053],[72.604637,23.046985],[72.604305,23.046029],[72.604103,23.045425],[72.60141,23.045445],[72.601373,23.04374],[72.601346,23.043068],[72.601332,23.0427],[72.601302,23.042517],[72.601238,23.042298],[72.601169,23.042127],[72.600601,23.04104],[72.600282,23.040533],[72.600163,23.040296],[72.599952,23.039769],[72.599904,23.039618],[72.599872,23.039487],[72.599845,23.039335],[72.5998,23.039025],[72.599795,23.038885],[72.599797,23.038811],[72.599804,23.038752],[72.599817,23.038701],[72.599849,23.038627],[72.599893,23.038545],[72.600201,23.038097],[72.600295,23.03794],[72.60082,23.036996],[72.600996,23.036498],[72.601118,23.036061],[72.601186,23.03565],[72.601355,23.034512],[72.601377,23.033971],[72.601281,23.033347],[72.600904,23.033268],[72.600753,23.03324],[72.600624,23.033205],[72.600451,23.033122],[72.600345,23.033053],[72.600081,23.032761],[72.599621,23.032233],[72.599028,23.031566],[72.598697,23.031239],[72.598523,23.031123],[72.598353,23.031031],[72.597975,23.030879],[72.597735,23.032414],[72.597092,23.034514],[72.597029,23.034702],[72.5977,23.034868],[72.597409,23.035982],[72.597066,23.037412],[72.596657,23.0399],[72.596615,23.040381],[72.595127,23.039712],[72.594743,23.040072],[72.594748,23.040493],[72.593427,23.040694],[72.593127,23.038074],[72.593044,23.037562],[72.592057,23.037639],[72.591587,23.037623],[72.591256,23.03759],[72.590527,23.037495],[72.590202,23.037479],[72.589919,23.037518],[72.589198,23.037673],[72.588026,23.037912],[72.588214,23.038644],[72.588552,23.039882],[72.588848,23.04102],[72.58931,23.042148],[72.589851,23.043294],[72.589651,23.043655],[72.589713,23.044563],[72.589793,23.047066],[72.589824,23.048004],[72.592285,23.047879],[72.593243,23.049602],[72.592683,23.050544],[72.592186,23.051383],[72.591554,23.052461],[72.591172,23.053228],[72.590773,23.054405],[72.590625,23.055438],[72.590494,23.056394],[72.589748,23.061104],[72.589678,23.061549],[72.590634,23.061594],[72.590637,23.061791],[72.591238,23.06194],[72.592099,23.062397],[72.59358,23.062987],[72.594209,23.06329],[72.59531,23.06399],[72.596248,23.064456],[72.596987,23.063096],[72.598058,23.060839],[72.598198,23.060456]]]]}},
{"type":"Feature","properties":{"kmlName":"Shahpur","wardNumber":17,"lgdCode":"1302517"},"geometry":{"type":"MultiPolygon","coordinates":[[[[72.593243,23.049602],[72.592285,23.047879],[72.589824,23.048004],[72.589793,23.047066],[72.589713,23.044563],[72.589651,23.043655],[72.589851,23.043294],[72.58931,23.042148],[72.588848,23.04102],[72.588552,23.039882],[72.588214,23.038644],[72.588026,23.037912],[72.582995,23.039032],[72.577751,23.039767],[72.573421,23.040137],[72.574109,23.043348],[72.575518,23.047705],[72.576304,23.04983],[72.576885,23.051086],[72.577702,23.052619],[72.578929,23.054551],[72.580311,23.056274],[72.580845,23.05683],[72.582507,23.058245],[72.583642,23.059107],[72.586549,23.061114],[72.589504,23.063031],[72.589678,23.061549],[72.589748,23.061104],[72.590494,23.056394],[72.590625,23.055438],[72.590773,23.054405],[72.591172,23.053228],[72.591554,23.052461],[72.592186,23.051383],[72.592683,23.050544],[72.593243,23.049602]]]]}},
{"type":"Feature","properties":{"kmlName":"Navrangpura","wardNumber":18,"lgdCode":"1302518"},"geometry":{"type":"MultiPolygon","coordinates":[[[[72.546907,23.047229],[72.547798,23.047218],[72.549826,23.047229],[72.550269,23.047208],[72.550882,23.047132],[72.551785,23.04698],[72.552392,23.046925],[72.553235,23.046839],[72.553701,23.046811],[72.554144,23.046839],[72.554462,23.046887],[72.555435,23.047153],[72.556143,23.047267],[72.557222,23.047381],[72.559805,23.047598],[72.560271,23.047615],[72.561734,23.047593],[72.561878,23.047591],[72.5621,23.044824],[72.562355,23.043465],[72.563147,23.041536],[72.56386,23.039878],[72.563886,23.039831],[72.563896,23.039814],[72.563913,23.039792],[72.563924,23.039781],[72.563938,23.039769],[72.563972,23.039744],[72.563996,23.03973],[72.564047,23.039705],[72.564066,23.039696],[72.564092,23.039686],[72.564119,23.039679],[72.564161,23.039669],[72.564253,23.039654],[72.56434,23.039652],[72.564421,23.03966],[72.564445,23.039665],[72.564543,23.039696],[72.56471,23.03974],[72.565111,23.039838],[72.566188,23.040041],[72.567362,23.040181],[72.568123,23.040272],[72.568501,23.040285],[72.569443,23.04033],[72.570347,23.040239],[72.571177,23.040196],[72.571801,23.040194],[72.572568,23.040176],[72.573421,23.040137],[72.573515,23.037303],[72.574479,23.029045],[72.575747,23.02243],[72.575249,23.022458],[72.573733,23.022522],[72.572127,23.022589],[72.571639,23.022649],[72.571472,23.022623],[72.571383,23.022548],[72.571285,23.022413],[72.571025,23.022286],[72.57037,23.022163],[72.569984,23.022166],[72.569545,23.022148],[72.569268,23.02214],[72.568622,23.02208],[72.568004,23.021983],[72.567422,23.02186],[72.567191,23.021811],[72.56676,23.02168],[72.566373,23.021556],[72.565126,23.021102],[72.564735,23.020995],[72.563531,23.020707],[72.562348,23.020419],[72.561807,23.020318],[72.561303,23.020243],[72.560953,23.020187],[72.559815,23.020056],[72.558371,23.019835],[72.557819,23.01973],[72.557603,23.019655],[72.556749,23.019285],[72.556558,23.019229],[72.556408,23.01921],[72.556265,23.019203],[72.556078,23.019236],[72.555493,23.019442],[72.555017,23.019622],[72.554838,23.019704],[72.554663,23.019816],[72.554574,23.019727],[72.554448,23.019655],[72.554285,23.019626],[72.554062,23.019573],[72.553724,23.019513],[72.553106,23.019371],[72.552797,23.019266],[72.552578,23.01918],[72.552354,23.019049],[72.552106,23.018877],[72.551911,23.018731],[72.551407,23.018245],[72.550797,23.01771],[72.549435,23.016662],[72.549044,23.016381],[72.548512,23.015947],[72.548007,23.015483],[72.54769,23.015165],[72.54737,23.014782],[72.547306,23.01472],[72.547267,23.014693],[72.547195,23.014652],[72.547125,23.014622],[72.547064,23.014597],[72.546905,23.014542],[72.545958,23.014252],[72.545084,23.014053],[72.545214,23.013548],[72.545558,23.012277],[72.541925,23.010949],[72.540979,23.010556],[72.540127,23.010231],[72.539327,23.010059],[72.536958,23.009791],[72.533903,23.009522],[72.533861,23.009938],[72.533801,23.010831],[72.534041,23.010931],[72.534038,23.011122],[72.534169,23.01114],[72.534136,23.01151],[72.534324,23.011557],[72.534327,23.011846],[72.534489,23.011925],[72.534555,23.012647],[72.534645,23.012704],[72.534673,23.012873],[72.534926,23.013507],[72.535378,23.014898],[72.535973,23.015214],[72.536584,23.015978],[72.536343,23.018239],[72.535926,23.019319],[72.535197,23.021138],[72.5345,23.022297],[72.53417,23.023028],[72.534056,23.023768],[72.532538,23.02463],[72.53186,23.024963],[72.53175,23.025024],[72.531669,23.025087],[72.531566,23.02518],[72.531479,23.025269],[72.531405,23.025365],[72.530834,23.026206],[72.531652,23.028135],[72.532349,23.029528],[72.53305,23.03074],[72.533472,23.031377],[72.534322,23.032502],[72.534977,23.033258],[72.535535,23.033962],[72.535911,23.034505],[72.536334,23.035231],[72.538647,23.039757],[72.538701,23.039891],[72.538987,23.040494],[72.539211,23.040918],[72.539584,23.041488],[72.540065,23.042144],[72.54213,23.045053],[72.542985,23.046366],[72.543675,23.047408],[72.543922,23.047705],[72.544973,23.047517],[72.545905,23.047338],[72.546429,23.047256],[72.546907,23.047229]]]]}},
{"type":"Feature","properties":{"kmlName":"Bodakdev","wardNumber":19,"lgdCode":"1302519"},"geometry":{"type":"MultiPolygon","coordinates":[[[[72.533721,23.052377],[72.538095,23.051811],[72.539492,23.051852],[72.540538,23.051859],[72.541104,23.051852],[72.541819,23.051765],[72.542354,23.0517],[72.542558,23.051685],[72.542786,23.051613],[72.543148,23.051367],[72.543278,23.051267],[72.543444,23.051028],[72.543556,23.051033],[72.54385,23.051048],[72.544202,23.05112],[72.544268,23.051246],[72.544301,23.05131],[72.544396,23.051364],[72.544422,23.051383],[72.544445,23.051434],[72.544484,23.051579],[72.544575,23.051724],[72.544676,23.051835],[72.544854,23.051959],[72.54496,23.052034],[72.545149,23.052111],[72.545317,23.052155],[72.545561,23.052192],[72.545883,23.052213],[72.546292,23.052199],[72.546767,23.052129],[72.546724,23.051929],[72.546583,23.051544],[72.546388,23.051093],[72.546129,23.050616],[72.545863,23.050143],[72.545456,23.049623],[72.544642,23.048597],[72.543922,23.047705],[72.543675,23.047408],[72.542985,23.046366],[72.54213,23.045053],[72.540065,23.042144],[72.539584,23.041488],[72.539211,23.040918],[72.538987,23.040494],[72.538701,23.039891],[72.538647,23.039757],[72.536334,23.035231],[72.535911,23.034505],[72.535535,23.033962],[72.534977,23.033258],[72.534322,23.032502],[72.533472,23.031377],[72.53305,23.03074],[72.532349,23.029528],[72.531652,23.028135],[72.530834,23.026206],[72.530012,23.027686],[72.529585,23.028214],[72.529432,23.028379],[72.529178,23.028556],[72.528397,23.029069],[72.52738,23.029988],[72.526689,23.030761],[72.525299,23.031878],[72.523955,23.030409],[72.523367,23.030435],[72.521291,23.027655],[72.519152,23.027855],[72.518693,23.027923],[72.517466,23.027695],[72.517038,23.02765],[72.515966,23.027781],[72.514972,23.02777],[72.511438,23.027339],[72.51014,23.027339],[72.509048,23.027175],[72.507832,23.027225],[72.506685,23.027515],[72.500948,23.027885],[72.497769,23.028054],[72.49669,23.028101],[72.495622,23.028113],[72.494785,23.028143],[72.493792,23.028262],[72.493182,23.028361],[72.492528,23.028442],[72.491903,23.028496],[72.490522,23.028714],[72.490367,23.026179],[72.490977,23.026108],[72.490963,23.025778],[72.491698,23.025714],[72.491661,23.025123],[72.491213,23.025178],[72.491197,23.024845],[72.490484,23.02492],[72.489114,23.024994],[72.488995,23.024388],[72.488838,23.024314],[72.487613,23.02269],[72.487138,23.022075],[72.486544,23.021261],[72.485325,23.020571],[72.48406,23.019634],[72.483602,23.018861],[72.483042,23.018192],[72.480536,23.016174],[72.479524,23.015547],[72.479425,23.01549],[72.47911,23.015577],[72.47862,23.016066],[72.47828,23.016217],[72.478246,23.016224],[72.478216,23.016247],[72.478151,23.016349],[72.47812,23.016399],[72.478098,23.016425],[72.477989,23.016477],[72.477925,23.016548],[72.477922,23.016554],[72.478576,23.016874],[72.47927,23.017688],[72.478947,23.01823],[72.47872,23.018811],[72.478595,23.019417],[72.478573,23.020034],[72.478655,23.020646],[72.47884,23.021238],[72.47942,23.02178],[72.479997,23.02218],[72.480432,23.022711],[72.480691,23.023333],[72.480755,23.023992],[72.480755,23.023997],[72.480618,23.024653],[72.480292,23.025249],[72.479751,23.025818],[72.479427,23.026373],[72.479305,23.026992],[72.479395,23.027616],[72.479755,23.028262],[72.480037,23.028833],[72.48011,23.029137],[72.480184,23.029447],[72.48019,23.030076],[72.480054,23.030692],[72.479783,23.031269],[72.479388,23.031782],[72.478887,23.032209],[72.4783,23.03253],[72.477656,23.033061],[72.477209,23.033626],[72.476852,23.034243],[72.476591,23.0349],[72.476431,23.035585],[72.476375,23.036282],[72.476425,23.036979],[72.476274,23.037621],[72.476034,23.038351],[72.476471,23.038932],[72.475658,23.039197],[72.475355,23.039738],[72.475011,23.04026],[72.474629,23.040758],[72.474211,23.04123],[72.473857,23.041578],[72.474581,23.041702],[72.475471,23.041965],[72.475496,23.042289],[72.476109,23.042938],[72.477921,23.043146],[72.478968,23.043104],[72.480427,23.043212],[72.482034,23.043338],[72.482514,23.043408],[72.483012,23.043422],[72.483511,23.043303],[72.483964,23.042946],[72.484566,23.042035],[72.48481,23.041947],[72.485008,23.042014],[72.485484,23.04228],[72.486607,23.042052],[72.487136,23.042175],[72.487255,23.043132],[72.487228,23.043685],[72.487532,23.043753],[72.488366,23.043937],[72.488968,23.044223],[72.489204,23.043941],[72.489429,23.042666],[72.489184,23.041516],[72.488663,23.0394],[72.488595,23.038688],[72.488762,23.037325],[72.490556,23.037381],[72.490975,23.037465],[72.492216,23.037315],[72.493058,23.037146],[72.493214,23.038594],[72.49326,23.038804],[72.493336,23.038944],[72.493553,23.039123],[72.493793,23.039294],[72.494109,23.039435],[72.495228,23.039393],[72.495921,23.039799],[72.497749,23.040121],[72.499234,23.040293],[72.501451,23.040871],[72.501525,23.041578],[72.502041,23.041698],[72.503804,23.04186],[72.503842,23.042178],[72.504706,23.042091],[72.504813,23.042753],[72.504703,23.043184],[72.505346,23.043443],[72.505586,23.043881],[72.505281,23.044134],[72.505289,23.044397],[72.505358,23.044575],[72.505727,23.04564],[72.50615,23.045875],[72.507955,23.046282],[72.508408,23.046401],[72.508636,23.046422],[72.508895,23.046404],[72.509402,23.046317],[72.509752,23.046247],[72.510171,23.046184],[72.510517,23.046092],[72.510826,23.045949],[72.511009,23.046387],[72.511168,23.04693],[72.511275,23.047305],[72.511667,23.047305],[72.512661,23.047392],[72.513122,23.047378],[72.513971,23.047357],[72.514462,23.04741],[72.515265,23.047569],[72.516035,23.047724],[72.516129,23.047907],[72.516585,23.04783],[72.51592,23.046456],[72.517187,23.0453],[72.517862,23.044708],[72.518014,23.044602],[72.518166,23.04452],[72.518454,23.044399],[72.519758,23.04398],[72.52191,23.043305],[72.523763,23.04265],[72.524114,23.042525],[72.524387,23.042425],[72.524632,23.042298],[72.525172,23.042],[72.526727,23.04107],[72.527868,23.040381],[72.529277,23.043513],[72.530453,23.046042],[72.531392,23.045946],[72.532256,23.045845],[72.532837,23.045796],[72.533366,23.045782],[72.533586,23.045792],[72.533721,23.052377]]]]}},
{"type":"Feature","properties":{"kmlName":"Jodhpur","wardNumber":20,"lgdCode":"1302520"},"geometry":{"type":"MultiPolygon","coordinates":[[[[72.526689,23.030761],[72.52738,23.029988],[72.528397,23.029069],[72.529178,23.028556],[72.529432,23.028379],[72.529585,23.028214],[72.530012,23.027686],[72.530834,23.026206],[72.531405,23.025365],[72.531479,23.025269],[72.531566,23.02518],[72.531669,23.025087],[72.53175,23.025024],[72.53186,23.024963],[72.532538,23.02463],[72.534056,23.023768],[72.53417,23.023028],[72.5345,23.022297],[72.535197,23.021138],[72.535926,23.019319],[72.536343,23.018239],[72.536584,23.015978],[72.535973,23.015214],[72.535378,23.014898],[72.534926,23.013507],[72.534673,23.012873],[72.534645,23.012704],[72.534555,23.012647],[72.534489,23.011925],[72.534327,23.011846],[72.534324,23.011557],[72.534136,23.01151],[72.534169,23.01114],[72.534038,23.011122],[72.534041,23.010931],[72.533801,23.010831],[72.533861,23.009938],[72.533903,23.009522],[72.529414,23.009102],[72.529286,23.010419],[72.528759,23.010349],[72.528607,23.011382],[72.528371,23.012905],[72.528271,23.014126],[72.527029,23.013795],[72.526125,23.013538],[72.525606,23.013427],[72.524443,23.013288],[72.5234,23.013199],[72.520667,23.013002],[72.519571,23.012903],[72.51516,23.012657],[72.513338,23.012508],[72.512421,23.012334],[72.511033,23.012134],[72.510751,23.012109],[72.505893,23.011907],[72.504035,23.011811],[72.503182,23.011855],[72.502424,23.012152],[72.501969,23.012178],[72.499296,23.011811],[72.496282,23.011314],[72.493561,23.010581],[72.491448,23.009918],[72.48813,23.010067],[72.484358,23.010171],[72.47886,23.010677],[72.475788,23.010307],[72.469022,23.010433],[72.467956,23.010531],[72.468034,23.010888],[72.468377,23.011498],[72.468409,23.011528],[72.468889,23.011996],[72.468995,23.012054],[72.469101,23.012111],[72.46953,23.012345],[72.469946,23.012443],[72.470251,23.012515],[72.470957,23.012603],[72.471651,23.012818],[72.472105,23.013027],[72.472306,23.01312],[72.472962,23.013548],[72.473002,23.013574],[72.47361,23.014125],[72.474296,23.014552],[72.474541,23.014699],[72.474989,23.014968],[72.47569,23.015371],[72.476256,23.015684],[72.4764,23.015764],[72.477116,23.016145],[72.477841,23.016514],[72.477922,23.016554],[72.477925,23.016548],[72.477989,23.016477],[72.478098,23.016425],[72.47812,23.016399],[72.478151,23.016349],[72.478216,23.016247],[72.478246,23.016224],[72.47828,23.016217],[72.47862,23.016066],[72.47911,23.015577],[72.479425,23.01549],[72.479524,23.015547],[72.480536,23.016174],[72.483042,23.018192],[72.483602,23.018861],[72.48406,23.019634],[72.485325,23.020571],[72.486544,23.021261],[72.487138,23.022075],[72.487613,23.02269],[72.488838,23.024314],[72.488995,23.024388],[72.489114,23.024994],[72.490484,23.02492],[72.491197,23.024845],[72.491213,23.025178],[72.491661,23.025123],[72.491698,23.025714],[72.490963,23.025778],[72.490977,23.026108],[72.490367,23.026179],[72.490522,23.028714],[72.491903,23.028496],[72.492528,23.028442],[72.493182,23.028361],[72.493792,23.028262],[72.494785,23.028143],[72.495622,23.028113],[72.49669,23.028101],[72.497769,23.028054],[72.500948,23.027885],[72.506685,23.027515],[72.507832,23.027225],[72.509048,23.027175],[72.51014,23.027339],[72.511438,23.027339],[72.514972,23.02777],[72.515966,23.027781],[72.517038,23.02765],[72.517466,23.027695],[72.518693,23.027923],[72.519152,23.027855],[72.521291,23.027655],[72.523367,23.030435],[72.523955,23.030409],[72.525299,23.031878],[72.526689,23.030761]]]]}},
{"type":"Feature","properties":{"kmlName":"Dariyapur","wardNumber":21,"lgdCode":"1302521"},"geometry":{"type":"MultiPolygon","coordinates":[[[[72.594743,23.040072],[72.595127,23.039712],[72.596615,23.040381],[72.596657,23.0399],[72.597066,23.037412],[72.597409,23.035982],[72.5977,23.034868],[72.597029,23.034702],[72.597092,23.034514],[72.597735,23.032414],[72.597975,23.030879],[72.597191,23.030625],[72.596281,23.03017],[72.595538,23.029841],[72.595119,23.029599],[72.594984,23.029487],[72.594891,23.029387],[72.593874,23.028243],[72.593733,23.028093],[72.593104,23.02738],[72.592303,23.026615],[72.59176,23.02614],[72.590989,23.025498],[72.590407,23.02504],[72.589929,23.024603],[72.588855,23.024488],[72.58842,23.024391],[72.588231,23.024363],[72.588054,23.024337],[72.586373,23.024353],[72.583385,23.024221],[72.582628,23.024183],[72.582196,23.022945],[72.582104,23.022821],[72.58196,23.02272],[72.581692,23.022587],[72.581252,23.022473],[72.580798,23.022365],[72.580323,23.02227],[72.579651,23.022031],[72.575747,23.02243],[72.574479,23.029045],[72.573515,23.037303],[72.573421,23.040137],[72.577751,23.039767],[72.582995,23.039032],[72.588026,23.037912],[72.589198,23.037673],[72.589919,23.037518],[72.590202,23.037479],[72.590527,23.037495],[72.591256,23.03759],[72.591587,23.037623],[72.592057,23.037639],[72.593044,23.037562],[72.593127,23.038074],[72.593427,23.040694],[72.594748,23.040493],[72.594743,23.040072]]]]}},
{"type":"Feature","properties":{"kmlName":"India colony","wardNumber":22,"lgdCode":"1302522"},"geometry":{"type":"MultiPolygon","coordinates":[[[[72.640996,23.045772],[72.640217,23.038885],[72.639398,23.03894],[72.638845,23.03893],[72.636155,23.038836],[72.635104,23.038764],[72.63368,23.038715],[72.632192,23.038656],[72.631395,23.038666],[72.630215,23.038627],[72.629758,23.038637],[72.629301,23.038735],[72.628716,23.038911],[72.628026,23.039175],[72.627367,23.039458],[72.626272,23.039918],[72.625698,23.040143],[72.625135,23.04028],[72.624362,23.04046],[72.624146,23.040487],[72.624034,23.040473],[72.623946,23.040451],[72.623866,23.040407],[72.623742,23.040307],[72.623077,23.039822],[72.622061,23.039462],[72.62169,23.03937],[72.621358,23.039323],[72.621035,23.039319],[72.620576,23.039378],[72.620183,23.039443],[72.620007,23.03945],[72.619815,23.039431],[72.619599,23.039388],[72.619366,23.0393],[72.618319,23.038919],[72.616431,23.038291],[72.615067,23.037731],[72.613081,23.036823],[72.612095,23.036487],[72.611622,23.036366],[72.611431,23.036288],[72.611135,23.036079],[72.610659,23.035777],[72.610161,23.035524],[72.6096,23.035295],[72.609356,23.035207],[72.609228,23.035138],[72.609144,23.035071],[72.609049,23.034958],[72.608959,23.034802],[72.608907,23.034693],[72.608796,23.034382],[72.608767,23.034275],[72.608752,23.034165],[72.608762,23.034029],[72.608843,23.03343],[72.607729,23.03336],[72.606691,23.033318],[72.606737,23.032667],[72.606373,23.032577],[72.605975,23.032473],[72.605463,23.03231],[72.60496,23.032143],[72.604566,23.032017],[72.604409,23.03198],[72.603849,23.031888],[72.60347,23.031884],[72.603374,23.031921],[72.603225,23.032132],[72.602939,23.032584],[72.602713,23.032799],[72.602325,23.033176],[72.602153,23.033263],[72.602001,23.033292],[72.601281,23.033347],[72.601377,23.033971],[72.601355,23.034512],[72.601186,23.03565],[72.601118,23.036061],[72.600996,23.036498],[72.60082,23.036996],[72.600295,23.03794],[72.600201,23.038097],[72.605007,23.039895],[72.60839,23.041257],[72.609989,23.041959],[72.612134,23.043664],[72.613875,23.045292],[72.626684,23.056935],[72.626929,23.056833],[72.627231,23.056668],[72.627664,23.056377],[72.628134,23.056004],[72.628548,23.055623],[72.629954,23.05398],[72.631917,23.051846],[72.632019,23.051688],[72.632064,23.051595],[72.632092,23.051507],[72.632124,23.051369],[72.632206,23.050932],[72.632222,23.050853],[72.63225,23.050714],[72.632274,23.050595],[72.632303,23.050498],[72.632345,23.050404],[72.632408,23.050333],[72.632496,23.050241],[72.633243,23.049716],[72.634332,23.049004],[72.634992,23.048615],[72.636306,23.048007],[72.638124,23.047467],[72.638332,23.047416],[72.638601,23.047335],[72.63876,23.047277],[72.639373,23.046977],[72.639599,23.046841],[72.639777,23.046707],[72.639968,23.046541],[72.64023,23.046237],[72.640472,23.045922],[72.640536,23.045869],[72.640627,23.045838],[72.640996,23.045772]]]]}},
{"type":"Feature","properties":{"kmlName":"Thakkarbapa Nagar","wardNumber":23,"lgdCode":"1302523"},"geometry":{"type":"MultiPolygon","coordinates":[[[[72.653563,23.062109],[72.653718,23.062093],[72.654509,23.062105],[72.654592,23.062096],[72.654655,23.062069],[72.654713,23.062024],[72.654751,23.061985],[72.654776,23.061928],[72.654807,23.061507],[72.65476,23.060519],[72.654749,23.060214],[72.654751,23.060152],[72.655345,23.060167],[72.65554,23.059703],[72.655711,23.05953],[72.656138,23.059455],[72.656829,23.059407],[72.658668,23.059435],[72.658112,23.058178],[72.657996,23.054918],[72.657851,23.05201],[72.657851,23.051527],[72.657754,23.050892],[72.657511,23.049819],[72.655656,23.050013],[72.65252,23.050334],[72.652497,23.049981],[72.652535,23.049782],[72.652763,23.049356],[72.653241,23.048521],[72.652748,23.04844],[72.652766,23.0475],[72.652861,23.047357],[72.653101,23.047113],[72.654266,23.047186],[72.654069,23.046721],[72.654023,23.04647],[72.654008,23.045711],[72.653397,23.045131],[72.653522,23.044398],[72.653108,23.043625],[72.653078,23.043349],[72.652945,23.043328],[72.652618,23.042839],[72.652729,23.042703],[72.652759,23.042392],[72.652523,23.041794],[72.652531,23.041309],[72.653336,23.041281],[72.653403,23.040381],[72.65247,23.040194],[72.651711,23.040038],[72.651117,23.039819],[72.650435,23.039491],[72.649871,23.0393],[72.649129,23.039136],[72.648387,23.039],[72.647912,23.038822],[72.647393,23.038549],[72.647051,23.038413],[72.646473,23.038317],[72.645924,23.038262],[72.645271,23.038235],[72.643834,23.038371],[72.643098,23.038375],[72.642464,23.038439],[72.642024,23.038586],[72.641494,23.038715],[72.640217,23.038885],[72.640996,23.045772],[72.642636,23.057078],[72.646466,23.056718],[72.646535,23.056699],[72.646588,23.056679],[72.646635,23.056654],[72.646675,23.056622],[72.646716,23.056577],[72.64675,23.056534],[72.646794,23.056477],[72.647252,23.055573],[72.647697,23.054523],[72.649958,23.055744],[72.650105,23.055806],[72.651276,23.056174],[72.651083,23.056494],[72.650437,23.057444],[72.650066,23.058097],[72.649853,23.058619],[72.649743,23.058952],[72.649708,23.059267],[72.650086,23.060715],[72.650223,23.060874],[72.651105,23.061673],[72.651645,23.062234],[72.651748,23.062335],[72.651874,23.062359],[72.65205,23.062368],[72.652219,23.062322],[72.652341,23.062243],[72.652484,23.062194],[72.653429,23.062145],[72.653563,23.062109]]]]}},
{"type":"Feature","properties":{"kmlName":"Nikol","wardNumber":24,"lgdCode":"1302524"},"geometry":{"type":"MultiPolygon","coordinates":[[[[72.680497,23.066349],[72.68034,23.066336],[72.679179,23.066345],[72.680841,23.064705],[72.68101,23.064538],[72.681348,23.064],[72.681558,23.063409],[72.68163,23.06279],[72.681563,23.062173],[72.681257,23.061332],[72.680872,23.060306],[72.680704,23.05964],[72.68065,23.058958],[72.680713,23.058278],[72.68089,23.057613],[72.681003,23.057368],[72.681221,23.056895],[72.681693,23.056129],[72.682249,23.055413],[72.682675,23.054956],[72.683058,23.054406],[72.683215,23.053768],[72.683127,23.053119],[72.683111,23.053079],[72.682168,23.050737],[72.681945,23.050001],[72.681836,23.049244],[72.681841,23.048479],[72.681962,23.047723],[72.682195,23.046989],[72.682503,23.046364],[72.682609,23.045757],[72.682366,23.045175],[72.68217,23.044519],[72.68223,23.043839],[72.682439,23.043394],[72.682507,23.043249],[72.682553,23.04249],[72.682547,23.041713],[72.682627,23.04094],[72.682778,23.040257],[72.682795,23.040179],[72.682996,23.039491],[72.683115,23.038858],[72.68316,23.038218],[72.68326,23.033839],[72.687603,23.033363],[72.687605,23.033033],[72.687629,23.030274],[72.687647,23.02964],[72.687558,23.029011],[72.687364,23.028402],[72.687087,23.027767],[72.686858,23.027064],[72.68668,23.026],[72.686601,23.024697],[72.6866,23.024683],[72.68659,23.024388],[72.684364,23.02434],[72.684019,23.024353],[72.683555,23.024381],[72.683075,23.024353],[72.682523,23.024314],[72.682116,23.024332],[72.681465,23.024353],[72.680974,23.024409],[72.680685,23.024412],[72.679764,23.024356],[72.679592,23.024361],[72.67911,23.024395],[72.678936,23.025429],[72.678908,23.026675],[72.678586,23.027667],[72.677277,23.027257],[72.676313,23.026931],[72.676043,23.027667],[72.67394,23.027584],[72.673478,23.02778],[72.673569,23.028106],[72.673025,23.029502],[72.672472,23.031446],[72.667046,23.0329],[72.666295,23.032816],[72.665057,23.032758],[72.66297,23.032539],[72.662262,23.032438],[72.661914,23.032373],[72.661154,23.032166],[72.660871,23.032112],[72.660625,23.032085],[72.660335,23.032076],[72.658774,23.032127],[72.658433,23.034027],[72.658378,23.034189],[72.658293,23.034352],[72.658211,23.034477],[72.65835,23.034587],[72.658476,23.03452],[72.658637,23.034506],[72.659047,23.034547],[72.659369,23.03459],[72.659555,23.034634],[72.65963,23.035141],[72.659236,23.03571],[72.658977,23.035609],[72.658921,23.035719],[72.658842,23.035899],[72.658757,23.0361],[72.658725,23.036242],[72.658716,23.036402],[72.658689,23.036859],[72.658707,23.037107],[72.658554,23.037746],[72.658419,23.038559],[72.658309,23.038536],[72.657687,23.038402],[72.657479,23.038271],[72.656059,23.038193],[72.656016,23.039506],[72.656066,23.039717],[72.655979,23.040748],[72.654369,23.040575],[72.653403,23.040381],[72.653336,23.041281],[72.652531,23.041309],[72.652523,23.041794],[72.652759,23.042392],[72.652729,23.042703],[72.652618,23.042839],[72.652945,23.043328],[72.653078,23.043349],[72.653108,23.043625],[72.653522,23.044398],[72.653397,23.045131],[72.654008,23.045711],[72.654023,23.04647],[72.654069,23.046721],[72.654266,23.047186],[72.653101,23.047113],[72.652861,23.047357],[72.652766,23.0475],[72.652748,23.04844],[72.653241,23.048521],[72.652763,23.049356],[72.652535,23.049782],[72.652497,23.049981],[72.65252,23.050334],[72.655656,23.050013],[72.657511,23.049819],[72.657754,23.050892],[72.657851,23.051527],[72.657851,23.05201],[72.657996,23.054918],[72.658112,23.058178],[72.658668,23.059435],[72.659484,23.059389],[72.659907,23.058926],[72.661142,23.058883],[72.661118,23.059774],[72.661789,23.059821],[72.661619,23.062801],[72.662142,23.062849],[72.662175,23.064963],[72.662114,23.065102],[72.662062,23.065776],[72.661766,23.067021],[72.661578,23.067739],[72.661136,23.067864],[72.660463,23.068228],[72.661155,23.068419],[72.661489,23.068562],[72.662375,23.069038],[72.66251,23.069132],[72.662549,23.069185],[72.662573,23.069283],[72.662578,23.069724],[72.662636,23.070864],[72.66266,23.071456],[72.66331,23.071545],[72.664379,23.071309],[72.666092,23.071015],[72.666837,23.070922],[72.667394,23.07081],[72.6681,23.070592],[72.668749,23.070405],[72.669388,23.070267],[72.672263,23.069809],[72.675089,23.069555],[72.675886,23.069477],[72.675796,23.068246],[72.676721,23.06792],[72.677877,23.067857],[72.679957,23.066965],[72.680492,23.066389],[72.680507,23.066349],[72.680497,23.066349]]]]}},
{"type":"Feature","properties":{"kmlName":"Virat Nagar","wardNumber":25,"lgdCode":"1302525"},"geometry":{"type":"MultiPolygon","coordinates":[[[[72.656016,23.039506],[72.656059,23.038193],[72.657479,23.038271],[72.657687,23.038402],[72.658309,23.038536],[72.658419,23.038559],[72.658554,23.037746],[72.658707,23.037107],[72.658689,23.036859],[72.658716,23.036402],[72.658725,23.036242],[72.658757,23.0361],[72.658842,23.035899],[72.658921,23.035719],[72.658977,23.035609],[72.659236,23.03571],[72.65963,23.035141],[72.659555,23.034634],[72.659369,23.03459],[72.659047,23.034547],[72.658637,23.034506],[72.658476,23.03452],[72.65835,23.034587],[72.658211,23.034477],[72.658293,23.034352],[72.658378,23.034189],[72.658433,23.034027],[72.658774,23.032127],[72.655094,23.032065],[72.654302,23.031988],[72.653278,23.031822],[72.652022,23.031538],[72.650251,23.031075],[72.648734,23.030664],[72.648754,23.030361],[72.648804,23.030052],[72.648854,23.029876],[72.648925,23.029695],[72.648981,23.029567],[72.649337,23.028944],[72.649419,23.028728],[72.649452,23.02859],[72.649504,23.027877],[72.649502,23.027691],[72.649487,23.027542],[72.649378,23.026618],[72.649254,23.026179],[72.649004,23.025518],[72.648848,23.025161],[72.648601,23.024741],[72.648454,23.024478],[72.648404,23.024335],[72.648386,23.024224],[72.648377,23.024067],[72.648413,23.023747],[72.648445,23.02352],[72.648327,23.022295],[72.648221,23.021811],[72.648054,23.021431],[72.647983,23.021347],[72.647898,23.021288],[72.647795,23.021234],[72.6475,23.021117],[72.646508,23.020741],[72.646021,23.020562],[72.644874,23.01998],[72.644358,23.019694],[72.64392,23.019434],[72.642364,23.018306],[72.642218,23.018163],[72.64214,23.018029],[72.642062,23.017823],[72.642033,23.017581],[72.641975,23.017035],[72.641824,23.014833],[72.641065,23.014901],[72.640602,23.014906],[72.640025,23.014837],[72.639335,23.014693],[72.63846,23.014449],[72.638488,23.017497],[72.638397,23.020451],[72.636558,23.020207],[72.635439,23.020052],[72.634325,23.020002],[72.633163,23.020009],[72.628978,23.020085],[72.627891,23.020186],[72.626293,23.020545],[72.62436,23.02106],[72.623583,23.021293],[72.627094,23.022362],[72.629628,23.023342],[72.630207,23.023523],[72.631077,23.023721],[72.631544,23.023783],[72.632781,23.023663],[72.632663,23.024163],[72.634,23.024786],[72.635498,23.025494],[72.638635,23.026935],[72.6394,23.033601],[72.640217,23.038885],[72.641494,23.038715],[72.642024,23.038586],[72.642464,23.038439],[72.643098,23.038375],[72.643834,23.038371],[72.645271,23.038235],[72.645924,23.038262],[72.646473,23.038317],[72.647051,23.038413],[72.647393,23.038549],[72.647912,23.038822],[72.648387,23.039],[72.649129,23.039136],[72.649871,23.0393],[72.650435,23.039491],[72.651117,23.039819],[72.651711,23.040038],[72.65247,23.040194],[72.653403,23.040381],[72.654369,23.040575],[72.655979,23.040748],[72.656066,23.039717],[72.656016,23.039506]]]]}},
{"type":"Feature","properties":{"kmlName":"Bapu Nagar","wardNumber":26,"lgdCode":"1302526"},"geometry":{"type":"MultiPolygon","coordinates":[[[[72.629758,23.038637],[72.630215,23.038627],[72.631395,23.038666],[72.632192,23.038656],[72.63368,23.038715],[72.635104,23.038764],[72.636155,23.038836],[72.638845,23.03893],[72.639398,23.03894],[72.640217,23.038885],[72.6394,23.033601],[72.638635,23.026935],[72.635498,23.025494],[72.634,23.024786],[72.632663,23.024163],[72.632781,23.023663],[72.631544,23.023783],[72.631077,23.023721],[72.630207,23.023523],[72.629628,23.023342],[72.627094,23.022362],[72.626808,23.024446],[72.626802,23.026414],[72.626574,23.02743],[72.626548,23.028415],[72.624363,23.028439],[72.621837,23.028447],[72.621845,23.031353],[72.622203,23.03477],[72.621549,23.03482],[72.622812,23.038082],[72.621856,23.038526],[72.623077,23.039822],[72.623742,23.040307],[72.623866,23.040407],[72.623946,23.040451],[72.624034,23.040473],[72.624146,23.040487],[72.624362,23.04046],[72.625135,23.04028],[72.625698,23.040143],[72.626272,23.039918],[72.627367,23.039458],[72.628026,23.039175],[72.628716,23.038911],[72.629301,23.038735],[72.629758,23.038637]]]]}},
{"type":"Feature","properties":{"kmlName":"Saraspur-Rakhiyal","wardNumber":27,"lgdCode":"1302527"},"geometry":{"type":"MultiPolygon","coordinates":[[[[72.623077,23.039822],[72.621856,23.038526],[72.622812,23.038082],[72.621549,23.03482],[72.622203,23.03477],[72.621845,23.031353],[72.621837,23.028447],[72.624363,23.028439],[72.626548,23.028415],[72.626574,23.02743],[72.626802,23.026414],[72.626808,23.024446],[72.627094,23.022362],[72.623583,23.021293],[72.62296,23.021498],[72.622151,23.021739],[72.6218,23.021828],[72.620885,23.022078],[72.620666,23.022121],[72.620577,23.022131],[72.6205,23.022139],[72.620013,23.022135],[72.618826,23.02213],[72.617652,23.022096],[72.615918,23.022063],[72.613998,23.022054],[72.614479,23.022651],[72.614575,23.022772],[72.614654,23.022944],[72.614672,23.023105],[72.614672,23.023321],[72.614584,23.023797],[72.614473,23.024396],[72.614413,23.024568],[72.614311,23.024795],[72.613806,23.0255],[72.613573,23.025907],[72.613061,23.02587],[72.612406,23.025823],[72.610298,23.025754],[72.609906,23.025739],[72.60984,23.025743],[72.609787,23.025752],[72.609745,23.02576],[72.609708,23.025773],[72.609671,23.025788],[72.609638,23.025808],[72.609366,23.026029],[72.609313,23.026065],[72.609249,23.026099],[72.609174,23.026128],[72.609112,23.026139],[72.609032,23.026141],[72.608984,23.026137],[72.608931,23.026125],[72.608876,23.026104],[72.608811,23.026066],[72.608522,23.025828],[72.607959,23.025456],[72.607913,23.025426],[72.606438,23.02455],[72.606233,23.024983],[72.606088,23.025163],[72.605995,23.025264],[72.605928,23.025342],[72.605895,23.025369],[72.605861,23.025393],[72.605829,23.02541],[72.605794,23.025421],[72.605755,23.025429],[72.605708,23.025433],[72.605274,23.025462],[72.605126,23.025471],[72.605046,23.025483],[72.605003,23.025495],[72.604945,23.025526],[72.604912,23.025551],[72.604828,23.025634],[72.604823,23.025642],[72.604807,23.025668],[72.604771,23.025776],[72.604628,23.026169],[72.604586,23.026279],[72.604544,23.026323],[72.604487,23.026352],[72.603698,23.026813],[72.603636,23.026813],[72.603562,23.02677],[72.603373,23.026634],[72.603185,23.02657],[72.602699,23.026552],[72.601185,23.026393],[72.601281,23.033347],[72.602001,23.033292],[72.602153,23.033263],[72.602325,23.033176],[72.602713,23.032799],[72.602939,23.032584],[72.603225,23.032132],[72.603374,23.031921],[72.60347,23.031884],[72.603849,23.031888],[72.604409,23.03198],[72.604566,23.032017],[72.60496,23.032143],[72.605463,23.03231],[72.605975,23.032473],[72.606373,23.032577],[72.606737,23.032667],[72.606691,23.033318],[72.607729,23.03336],[72.608843,23.03343],[72.608762,23.034029],[72.608752,23.034165],[72.608767,23.034275],[72.608796,23.034382],[72.608907,23.034693],[72.608959,23.034802],[72.609049,23.034958],[72.609144,23.035071],[72.609228,23.035138],[72.609356,23.035207],[72.6096,23.035295],[72.610161,23.035524],[72.610659,23.035777],[72.611135,23.036079],[72.611431,23.036288],[72.611622,23.036366],[72.612095,23.036487],[72.613081,23.036823],[72.615067,23.037731],[72.616431,23.038291],[72.618319,23.038919],[72.619366,23.0393],[72.619599,23.039388],[72.619815,23.039431],[72.620007,23.03945],[72.620183,23.039443],[72.620576,23.039378],[72.621035,23.039319],[72.621358,23.039323],[72.62169,23.03937],[72.622061,23.039462],[72.623077,23.039822]]]]}},
{"type":"Feature","properties":{"kmlName":"Khadia","wardNumber":28,"lgdCode":"1302528"},"geometry":{"type":"MultiPolygon","coordinates":[[[[72.601185,23.026393],[72.601049,23.024163],[72.601049,23.023578],[72.601063,23.023206],[72.601121,23.02286],[72.601251,23.022355],[72.601438,23.021837],[72.601834,23.020915],[72.601424,23.021046],[72.598877,23.022485],[72.599228,23.0201],[72.599239,23.019855],[72.599219,23.019732],[72.599194,23.019633],[72.599157,23.019536],[72.599054,23.019331],[72.598997,23.019243],[72.598875,23.019096],[72.598636,23.018858],[72.598598,23.018823],[72.59807,23.018311],[72.597587,23.017996],[72.597169,23.017797],[72.596765,23.017659],[72.596277,23.017512],[72.595425,23.017339],[72.59424,23.017123],[72.59355,23.017011],[72.593034,23.016929],[72.591686,23.016821],[72.590588,23.016855],[72.590311,23.016963],[72.590128,23.017115],[72.589964,23.017279],[72.589753,23.017598],[72.589476,23.018195],[72.589297,23.018363],[72.58878,23.018576],[72.586491,23.019314],[72.585242,23.020693],[72.583594,23.021428],[72.579651,23.022031],[72.580323,23.02227],[72.580798,23.022365],[72.581252,23.022473],[72.581692,23.022587],[72.58196,23.02272],[72.582104,23.022821],[72.582196,23.022945],[72.582628,23.024183],[72.583385,23.024221],[72.586373,23.024353],[72.588054,23.024337],[72.588231,23.024363],[72.58842,23.024391],[72.588855,23.024488],[72.589929,23.024603],[72.590407,23.02504],[72.590989,23.025498],[72.59176,23.02614],[72.592303,23.026615],[72.593104,23.02738],[72.593733,23.028093],[72.593874,23.028243],[72.594891,23.029387],[72.594984,23.029487],[72.595119,23.029599],[72.595538,23.029841],[72.596281,23.03017],[72.597191,23.030625],[72.597975,23.030879],[72.598353,23.031031],[72.598523,23.031123],[72.598697,23.031239],[72.599028,23.031566],[72.599621,23.032233],[72.600081,23.032761],[72.600345,23.033053],[72.600451,23.033122],[72.600624,23.033205],[72.600753,23.03324],[72.600904,23.033268],[72.601281,23.033347],[72.601185,23.026393]]]]}},
{"type":"Feature","properties":{"kmlName":"Jamalpur","wardNumber":29,"lgdCode":"1302529"},"geometry":{"type":"MultiPolygon","coordinates":[[[[72.601834,23.020915],[72.604672,23.013486],[72.601974,23.012735],[72.599209,23.012082],[72.597789,23.011932],[72.597412,23.011768],[72.597037,23.012229],[72.595937,23.012122],[72.595214,23.012022],[72.594358,23.011898],[72.592371,23.011506],[72.591805,23.013202],[72.59135,23.013965],[72.590695,23.013504],[72.589762,23.012988],[72.588765,23.012659],[72.580922,23.010107],[72.574351,23.011325],[72.574903,23.013584],[72.57547,23.017485],[72.575747,23.02243],[72.579651,23.022031],[72.583594,23.021428],[72.585242,23.020693],[72.586491,23.019314],[72.58878,23.018576],[72.589297,23.018363],[72.589476,23.018195],[72.589753,23.017598],[72.589964,23.017279],[72.590128,23.017115],[72.590311,23.016963],[72.590588,23.016855],[72.591686,23.016821],[72.593034,23.016929],[72.59355,23.017011],[72.59424,23.017123],[72.595425,23.017339],[72.596277,23.017512],[72.596765,23.017659],[72.597169,23.017797],[72.597587,23.017996],[72.59807,23.018311],[72.598598,23.018823],[72.598636,23.018858],[72.598875,23.019096],[72.598997,23.019243],[72.599054,23.019331],[72.599157,23.019536],[72.599194,23.019633],[72.599219,23.019732],[72.599239,23.019855],[72.599228,23.0201],[72.598877,23.022485],[72.601424,23.021046],[72.601834,23.020915]]]]}},
{"type":"Feature","properties":{"kmlName":"Paldi","wardNumber":30,"lgdCode":"1302530"},"geometry":{"type":"MultiPolygon","coordinates":[[[[72.575747,23.02243],[72.57547,23.017485],[72.574903,23.013584],[72.574351,23.011325],[72.573044,23.008231],[72.571375,23.005014],[72.570489,23.003622],[72.568855,23.001436],[72.567349,22.999641],[72.564236,22.996311],[72.563289,22.996969],[72.562434,22.997527],[72.562116,22.997784],[72.561717,22.998102],[72.561544,22.998224],[72.561367,22.998334],[72.561199,22.998428],[72.561044,22.998501],[72.560703,22.998636],[72.559964,22.998909],[72.558771,22.999436],[72.558457,22.999596],[72.557963,22.999887],[72.557551,23.000148],[72.557356,23.000302],[72.556196,23.001456],[72.555147,23.002548],[72.553407,23.004113],[72.551924,23.005608],[72.548887,23.008644],[72.548165,23.009243],[72.547488,23.009757],[72.546797,23.010319],[72.546607,23.010478],[72.54647,23.010596],[72.546368,23.010694],[72.546266,23.010816],[72.546142,23.010963],[72.546062,23.011085],[72.545965,23.011281],[72.545876,23.011448],[72.545558,23.012277],[72.545214,23.013548],[72.545084,23.014053],[72.545958,23.014252],[72.546905,23.014542],[72.547064,23.014597],[72.547125,23.014622],[72.547195,23.014652],[72.547267,23.014693],[72.547306,23.01472],[72.54737,23.014782],[72.54769,23.015165],[72.548007,23.015483],[72.548512,23.015947],[72.549044,23.016381],[72.549435,23.016662],[72.550797,23.01771],[72.551407,23.018245],[72.551911,23.018731],[72.552106,23.018877],[72.552354,23.019049],[72.552578,23.01918],[72.552797,23.019266],[72.553106,23.019371],[72.553724,23.019513],[72.554062,23.019573],[72.554285,23.019626],[72.554448,23.019655],[72.554574,23.019727],[72.554663,23.019816],[72.554838,23.019704],[72.555017,23.019622],[72.555493,23.019442],[72.556078,23.019236],[72.556265,23.019203],[72.556408,23.01921],[72.556558,23.019229],[72.556749,23.019285],[72.557603,23.019655],[72.557819,23.01973],[72.558371,23.019835],[72.559815,23.020056],[72.560953,23.020187],[72.561303,23.020243],[72.561807,23.020318],[72.562348,23.020419],[72.563531,23.020707],[72.564735,23.020995],[72.565126,23.021102],[72.566373,23.021556],[72.56676,23.02168],[72.567191,23.021811],[72.567422,23.02186],[72.568004,23.021983],[72.568622,23.02208],[72.569268,23.02214],[72.569545,23.022148],[72.569984,23.022166],[72.57037,23.022163],[72.571025,23.022286],[72.571285,23.022413],[72.571383,23.022548],[72.571472,23.022623],[72.571639,23.022649],[72.572127,23.022589],[72.573733,23.022522],[72.575249,23.022458],[72.575747,23.02243]]]]}},
{"type":"Feature","properties":{"kmlName":"Vasna","wardNumber":31,"lgdCode":"1302531"},"geometry":{"type":"MultiPolygon","coordinates":[[[[72.548887,23.008644],[72.551924,23.005608],[72.553407,23.004113],[72.555147,23.002548],[72.556196,23.001456],[72.557356,23.000302],[72.557551,23.000148],[72.557963,22.999887],[72.558457,22.999596],[72.558771,22.999436],[72.559964,22.998909],[72.560703,22.998636],[72.561044,22.998501],[72.561199,22.998428],[72.561367,22.998334],[72.561544,22.998224],[72.561717,22.998102],[72.562116,22.997784],[72.562434,22.997527],[72.563289,22.996969],[72.564236,22.996311],[72.564078,22.996181],[72.56097,22.993632],[72.556308,22.990062],[72.55166,22.986453],[72.549384,22.985187],[72.542904,22.98233],[72.539496,22.987051],[72.535339,22.992958],[72.533545,22.99546],[72.535379,22.995889],[72.535199,22.996078],[72.535095,22.996253],[72.535043,22.996426],[72.534966,22.996822],[72.534949,22.997177],[72.534949,22.998333],[72.534419,22.998461],[72.534289,22.999477],[72.534868,22.999523],[72.53555,22.999646],[72.536341,22.999734],[72.535931,23.000663],[72.53872,23.000825],[72.53924,23.002192],[72.539362,23.002927],[72.539407,23.003845],[72.539329,23.004926],[72.539041,23.005987],[72.538166,23.007568],[72.537246,23.007353],[72.536703,23.008169],[72.535093,23.007948],[72.534699,23.007854],[72.534077,23.007808],[72.533903,23.009522],[72.536958,23.009791],[72.539327,23.010059],[72.540127,23.010231],[72.540979,23.010556],[72.541925,23.010949],[72.545558,23.012277],[72.545876,23.011448],[72.545965,23.011281],[72.546062,23.011085],[72.546142,23.010963],[72.546266,23.010816],[72.546368,23.010694],[72.54647,23.010596],[72.546607,23.010478],[72.546797,23.010319],[72.547488,23.009757],[72.548165,23.009243],[72.548887,23.008644]]]]}},
{"type":"Feature","properties":{"kmlName":"Vejalpur","wardNumber":32,"lgdCode":"1302532"},"geometry":{"type":"MultiPolygon","coordinates":[[[[72.528607,23.011382],[72.528759,23.010349],[72.529286,23.010419],[72.529414,23.009102],[72.533903,23.009522],[72.534077,23.007808],[72.534699,23.007854],[72.535093,23.007948],[72.536703,23.008169],[72.537246,23.007353],[72.538166,23.007568],[72.539041,23.005987],[72.539329,23.004926],[72.539407,23.003845],[72.539362,23.002927],[72.53924,23.002192],[72.53872,23.000825],[72.535931,23.000663],[72.535607,23.000627],[72.534039,23.000402],[72.533791,23.000358],[72.533612,23.000297],[72.533423,23.000211],[72.532625,22.999731],[72.532424,22.999629],[72.53226,22.99956],[72.532077,22.999537],[72.531883,22.999543],[72.531014,22.999647],[72.530901,22.999697],[72.5308,22.999807],[72.530715,22.999942],[72.530232,23.000411],[72.529871,23.000786],[72.52969,23.000921],[72.529316,23.001168],[72.528627,23.001728],[72.52848,23.001802],[72.528326,23.001826],[72.528106,23.001826],[72.527751,23.001814],[72.526615,23.001709],[72.525532,23.00166],[72.523492,23.001611],[72.522951,23.00166],[72.523152,23.002918],[72.522997,23.0031],[72.52275,23.004251],[72.521968,23.00395],[72.519982,23.003383],[72.51928,23.003266],[72.518865,23.003223],[72.518464,23.003223],[72.517909,23.003303],[72.518031,23.002494],[72.517434,23.002435],[72.517186,23.002271],[72.516662,23.001828],[72.515659,23.001014],[72.514792,23.000412],[72.513747,22.999705],[72.513139,22.999228],[72.512497,22.998715],[72.511719,22.997999],[72.511005,22.997327],[72.509286,22.999802],[72.507105,23.002255],[72.510483,23.004898],[72.512548,23.006535],[72.513012,23.006855],[72.513466,23.007118],[72.51393,23.007323],[72.514411,23.007496],[72.514893,23.007619],[72.515392,23.007725],[72.516257,23.007807],[72.520823,23.00829],[72.520667,23.013002],[72.5234,23.013199],[72.524443,23.013288],[72.525606,23.013427],[72.526125,23.013538],[72.527029,23.013795],[72.528271,23.014126],[72.528371,23.012905],[72.528607,23.011382]]]]}},
{"type":"Feature","properties":{"kmlName":"Sarkhej","wardNumber":33,"lgdCode":"1302533"},"geometry":{"type":"MultiPolygon","coordinates":[[[[72.520667,23.013002],[72.520823,23.00829],[72.516257,23.007807],[72.515392,23.007725],[72.514893,23.007619],[72.514411,23.007496],[72.51393,23.007323],[72.513466,23.007118],[72.513012,23.006855],[72.512548,23.006535],[72.510483,23.004898],[72.507105,23.002255],[72.509286,22.999802],[72.511005,22.997327],[72.511719,22.997999],[72.512497,22.998715],[72.513139,22.999228],[72.513747,22.999705],[72.514792,23.000412],[72.515659,23.001014],[72.516662,23.001828],[72.517186,23.002271],[72.517434,23.002435],[72.518031,23.002494],[72.518531,23.000029],[72.518665,22.999303],[72.518698,22.998872],[72.518678,22.998472],[72.518631,22.997887],[72.518705,22.996835],[72.519093,22.993862],[72.519193,22.993339],[72.51928,22.993123],[72.519915,22.991763],[72.518691,22.991273],[72.517261,22.990686],[72.51476,22.989689],[72.514111,22.989455],[72.512714,22.989055],[72.511363,22.988784],[72.511838,22.987516],[72.512206,22.986673],[72.512393,22.98634],[72.512968,22.984808],[72.513048,22.984131],[72.513202,22.983804],[72.512921,22.982302],[72.513002,22.982019],[72.512948,22.981558],[72.512901,22.981182],[72.512737,22.980295],[72.512667,22.979699],[72.512794,22.979569],[72.512634,22.979077],[72.51267,22.977521],[72.504035,22.966815],[72.503726,22.966155],[72.503095,22.962248],[72.493805,22.961063],[72.492766,22.960642],[72.48719,22.957618],[72.48396,22.956301],[72.483967,22.957048],[72.48386,22.957825],[72.484127,22.958373],[72.484647,22.958669],[72.484815,22.958764],[72.485022,22.95949],[72.485267,22.959954],[72.485313,22.96004],[72.484807,22.960548],[72.482947,22.960497],[72.481247,22.960451],[72.481003,22.961027],[72.480667,22.961674],[72.480757,22.962278],[72.481136,22.962911],[72.480474,22.963174],[72.47995,22.963611],[72.479621,22.964187],[72.479525,22.964898],[72.479459,22.965586],[72.479347,22.965925],[72.47924,22.966247],[72.478876,22.966851],[72.47885,22.966874],[72.478778,22.966939],[72.478584,22.967112],[72.478388,22.967286],[72.478088,22.967839],[72.4781,22.968577],[72.47802,22.968675],[72.47789,22.968834],[72.477677,22.969095],[72.47764,22.969894],[72.47702,22.970758],[72.476984,22.970807],[72.476957,22.970802],[72.474641,22.970403],[72.473929,22.970423],[72.47373,22.970622],[72.473515,22.970836],[72.473486,22.970865],[72.473488,22.970903],[72.473528,22.971941],[72.473563,22.972853],[72.473225,22.974092],[72.473196,22.974196],[72.472823,22.974282],[72.471916,22.974491],[72.471779,22.974816],[72.471705,22.974993],[72.470896,22.976915],[72.47081,22.977612],[72.470673,22.978731],[72.471144,22.987252],[72.470893,22.988084],[72.470437,22.989595],[72.469778,22.991914],[72.469165,22.994073],[72.467384,22.993797],[72.465863,22.993561],[72.465948,22.993992],[72.466625,22.997426],[72.466513,22.999741],[72.466459,23.000366],[72.466427,23.001055],[72.466321,23.001723],[72.466289,23.002397],[72.466335,23.003069],[72.466456,23.003734],[72.466502,23.003883],[72.466652,23.004382],[72.466767,23.00465],[72.46692,23.005009],[72.467319,23.005493],[72.467203,23.005951],[72.467135,23.006221],[72.467037,23.007103],[72.467095,23.007766],[72.467265,23.008412],[72.467379,23.009012],[72.467771,23.00954],[72.467887,23.010214],[72.467956,23.010531],[72.469022,23.010433],[72.475788,23.010307],[72.47886,23.010677],[72.484358,23.010171],[72.48813,23.010067],[72.491448,23.009918],[72.493561,23.010581],[72.496282,23.011314],[72.499296,23.011811],[72.501969,23.012178],[72.502424,23.012152],[72.503182,23.011855],[72.504035,23.011811],[72.505893,23.011907],[72.510751,23.012109],[72.511033,23.012134],[72.512421,23.012334],[72.513338,23.012508],[72.51516,23.012657],[72.519571,23.012903],[72.520667,23.013002]]]]}},
{"type":"Feature","properties":{"kmlName":"Maktampura","wardNumber":34,"lgdCode":"1302534"},"geometry":{"type":"MultiPolygon","coordinates":[[[[72.52275,23.004251],[72.522997,23.0031],[72.523152,23.002918],[72.522951,23.00166],[72.523492,23.001611],[72.525532,23.00166],[72.526615,23.001709],[72.527751,23.001814],[72.528106,23.001826],[72.528326,23.001826],[72.52848,23.001802],[72.528627,23.001728],[72.529316,23.001168],[72.52969,23.000921],[72.529871,23.000786],[72.530232,23.000411],[72.530715,22.999942],[72.5308,22.999807],[72.530901,22.999697],[72.531014,22.999647],[72.531883,22.999543],[72.532077,22.999537],[72.53226,22.99956],[72.532424,22.999629],[72.532625,22.999731],[72.533423,23.000211],[72.533612,23.000297],[72.533791,23.000358],[72.534039,23.000402],[72.535607,23.000627],[72.535931,23.000663],[72.536341,22.999734],[72.53555,22.999646],[72.534868,22.999523],[72.534289,22.999477],[72.534419,22.998461],[72.534949,22.998333],[72.534949,22.997177],[72.534966,22.996822],[72.535043,22.996426],[72.535095,22.996253],[72.535199,22.996078],[72.535379,22.995889],[72.533545,22.99546],[72.535339,22.992958],[72.539496,22.987051],[72.542904,22.98233],[72.54049,22.981252],[72.536993,22.978918],[72.535115,22.978132],[72.527559,22.975538],[72.522053,22.973652],[72.518766,22.970508],[72.516077,22.966814],[72.514967,22.964849],[72.513217,22.961272],[72.512065,22.958756],[72.511937,22.957695],[72.512278,22.955494],[72.513644,22.953018],[72.51565,22.951446],[72.517315,22.950699],[72.51915,22.950149],[72.52137,22.949755],[72.523504,22.949716],[72.532041,22.950935],[72.534048,22.95121],[72.537633,22.950031],[72.539981,22.947987],[72.542286,22.943977],[72.542782,22.939963],[72.542862,22.938204],[72.542756,22.937251],[72.542464,22.93642],[72.541854,22.935516],[72.533709,22.927331],[72.53151,22.925332],[72.533868,22.924497],[72.534478,22.923153],[72.535221,22.922249],[72.536,22.921684],[72.535483,22.92176],[72.534325,22.921967],[72.533652,22.921061],[72.533083,22.920356],[72.53249,22.919669],[72.531869,22.919002],[72.531223,22.918356],[72.530554,22.917732],[72.529862,22.917129],[72.529147,22.916549],[72.528411,22.915992],[72.527655,22.91546],[72.526877,22.914952],[72.526083,22.914469],[72.525269,22.914013],[72.524439,22.913583],[72.523594,22.913181],[72.522734,22.912806],[72.52186,22.912459],[72.520971,22.912141],[72.520436,22.913258],[72.520207,22.913923],[72.519927,22.914571],[72.519601,22.915201],[72.519227,22.915808],[72.518808,22.91639],[72.518347,22.916942],[72.517845,22.917465],[72.517305,22.917952],[72.51673,22.918405],[72.516122,22.91882],[72.515485,22.919194],[72.514821,22.919526],[72.514307,22.919741],[72.514133,22.919815],[72.513426,22.920059],[72.512653,22.920233],[72.511972,22.920503],[72.511346,22.920867],[72.510787,22.921317],[72.510312,22.921842],[72.50993,22.92243],[72.509654,22.923065],[72.509488,22.923731],[72.509441,22.924347],[72.509436,22.924414],[72.509499,22.925095],[72.509738,22.925839],[72.509887,22.926424],[72.5099,22.927026],[72.509777,22.927618],[72.509524,22.928172],[72.509152,22.928667],[72.508678,22.92908],[72.508122,22.929392],[72.507507,22.929591],[72.506861,22.929667],[72.506214,22.929618],[72.505592,22.929444],[72.505022,22.929156],[72.504907,22.929065],[72.50453,22.928764],[72.503955,22.928476],[72.503226,22.928408],[72.502505,22.928528],[72.501848,22.928828],[72.501304,22.929283],[72.500916,22.929859],[72.500715,22.930511],[72.500716,22.93119],[72.500918,22.93184],[72.501307,22.932413],[72.501877,22.932893],[72.502451,22.933407],[72.502984,22.933956],[72.503474,22.934538],[72.50392,22.935152],[72.504318,22.935793],[72.504666,22.936456],[72.504964,22.937142],[72.505063,22.937427],[72.50521,22.937845],[72.505401,22.938563],[72.505741,22.939269],[72.505795,22.940023],[72.505567,22.940748],[72.504407,22.94178],[72.503614,22.941961],[72.502804,22.941881],[72.5022,22.941346],[72.501682,22.940955],[72.501136,22.940597],[72.500564,22.940276],[72.500322,22.94016],[72.49997,22.939991],[72.499354,22.939747],[72.498723,22.939543],[72.498076,22.93938],[72.49742,22.93926],[72.496712,22.938969],[72.496077,22.938761],[72.495415,22.938648],[72.494743,22.938633],[72.494075,22.938715],[72.493429,22.938892],[72.49282,22.939161],[72.492264,22.939515],[72.491776,22.939944],[72.491364,22.940439],[72.491328,22.9405],[72.491041,22.940988],[72.490816,22.941575],[72.490704,22.94223],[72.490598,22.942953],[72.490411,22.943661],[72.490144,22.944349],[72.489802,22.945006],[72.489234,22.945826],[72.48873,22.946387],[72.488166,22.946898],[72.487546,22.94735],[72.48688,22.947742],[72.486527,22.947903],[72.486173,22.948066],[72.485434,22.94832],[72.484396,22.948934],[72.48366,22.948828],[72.483179,22.949381],[72.482837,22.950052],[72.482654,22.950773],[72.482594,22.951419],[72.482605,22.952214],[72.482704,22.953003],[72.482892,22.953779],[72.48327,22.954339],[72.483651,22.954964],[72.483839,22.955563],[72.48396,22.956301],[72.48719,22.957618],[72.492766,22.960642],[72.493805,22.961063],[72.503095,22.962248],[72.503726,22.966155],[72.504035,22.966815],[72.51267,22.977521],[72.512634,22.979077],[72.512794,22.979569],[72.512667,22.979699],[72.512737,22.980295],[72.512901,22.981182],[72.512948,22.981558],[72.513002,22.982019],[72.512921,22.982302],[72.513202,22.983804],[72.513048,22.984131],[72.512968,22.984808],[72.512393,22.98634],[72.512206,22.986673],[72.511838,22.987516],[72.511363,22.988784],[72.512714,22.989055],[72.514111,22.989455],[72.51476,22.989689],[72.517261,22.990686],[72.518691,22.991273],[72.519915,22.991763],[72.51928,22.993123],[72.519193,22.993339],[72.519093,22.993862],[72.518705,22.996835],[72.518631,22.997887],[72.518678,22.998472],[72.518698,22.998872],[72.518665,22.999303],[72.518531,23.000029],[72.518031,23.002494],[72.517909,23.003303],[72.518464,23.003223],[72.518865,23.003223],[72.51928,23.003266],[72.519982,23.003383],[72.521968,23.00395],[72.52275,23.004251]]]]}},
{"type":"Feature","properties":{"kmlName":"Baherampura","wardNumber":35,"lgdCode":"1302535"},"geometry":{"type":"MultiPolygon","coordinates":[[[[72.588196,22.972904],[72.58532,22.972713],[72.583658,22.972732],[72.581471,22.97288],[72.576131,22.973502],[72.572367,22.973858],[72.569601,22.974203],[72.565612,22.974568],[72.563479,22.974815],[72.560133,22.975181],[72.55429,22.975793],[72.550655,22.976197],[72.549818,22.976365],[72.548993,22.976602],[72.548307,22.976869],[72.547545,22.977244],[72.546902,22.977589],[72.546141,22.978152],[72.54569,22.978537],[72.545025,22.979297],[72.542904,22.98233],[72.549384,22.985187],[72.55166,22.986453],[72.556308,22.990062],[72.56097,22.993632],[72.564078,22.996181],[72.564236,22.996311],[72.567349,22.999641],[72.568855,23.001436],[72.570489,23.003622],[72.571375,23.005014],[72.573044,23.008231],[72.574351,23.011325],[72.580922,23.010107],[72.579854,23.006392],[72.57941,23.00443],[72.57941,23.00157],[72.579233,22.999036],[72.578884,22.997753],[72.578823,22.997261],[72.578793,22.996957],[72.578834,22.99672],[72.578885,22.996436],[72.579019,22.995962],[72.579688,22.994636],[72.580073,22.993902],[72.580635,22.99275],[72.580903,22.992352],[72.581387,22.991793],[72.582076,22.990988],[72.582426,22.990533],[72.582591,22.990154],[72.582632,22.989841],[72.582622,22.989528],[72.582519,22.989254],[72.582385,22.988846],[72.582334,22.988467],[72.582364,22.988069],[72.582735,22.986231],[72.582848,22.985842],[72.583034,22.985406],[72.583373,22.984838],[72.583782,22.984315],[72.585384,22.983013],[72.585475,22.982835],[72.585729,22.982153],[72.585851,22.981761],[72.585929,22.981378],[72.585961,22.981017],[72.585956,22.980715],[72.585931,22.980372],[72.585817,22.9795],[72.585807,22.979365],[72.5858,22.979265],[72.585808,22.979144],[72.585817,22.979076],[72.585834,22.978999],[72.585898,22.97878],[72.586564,22.977083],[72.588196,22.972904]]]]}},
{"type":"Feature","properties":{"kmlName":"Danilimda","wardNumber":36,"lgdCode":"1302536"},"geometry":{"type":"MultiPolygon","coordinates":[[[[72.593526,22.991553],[72.593582,22.991544],[72.593665,22.991544],[72.593802,22.991535],[72.594396,22.991512],[72.594565,22.99151],[72.594621,22.991504],[72.594676,22.99149],[72.594726,22.991473],[72.594777,22.991442],[72.594796,22.991427],[72.594805,22.991418],[72.594814,22.991408],[72.594824,22.991392],[72.594848,22.991349],[72.594998,22.991058],[72.595183,22.990672],[72.595215,22.990577],[72.595225,22.99053],[72.595217,22.990477],[72.595198,22.990439],[72.595164,22.990406],[72.595145,22.990371],[72.595138,22.990324],[72.595433,22.989657],[72.595599,22.989288],[72.595786,22.989001],[72.595997,22.988778],[72.596062,22.988552],[72.596566,22.98697],[72.59507,22.986813],[72.594089,22.986692],[72.593186,22.986678],[72.592069,22.986687],[72.592021,22.986668],[72.59199,22.986615],[72.591649,22.985426],[72.591591,22.985272],[72.591481,22.985083],[72.591292,22.984808],[72.591192,22.984673],[72.59095,22.984356],[72.59064,22.984036],[72.590577,22.983966],[72.59044,22.983837],[72.590173,22.983653],[72.589986,22.983541],[72.589552,22.983337],[72.588881,22.983034],[72.588565,22.982929],[72.58827,22.982842],[72.587861,22.982774],[72.587458,22.982731],[72.587062,22.982756],[72.586256,22.982879],[72.585384,22.983013],[72.583782,22.984315],[72.583373,22.984838],[72.583034,22.985406],[72.582848,22.985842],[72.582735,22.986231],[72.582364,22.988069],[72.582334,22.988467],[72.582385,22.988846],[72.582519,22.989254],[72.582622,22.989528],[72.582632,22.989841],[72.582591,22.990154],[72.582426,22.990533],[72.582076,22.990988],[72.581387,22.991793],[72.580903,22.992352],[72.580635,22.99275],[72.580073,22.993902],[72.579688,22.994636],[72.579019,22.995962],[72.578885,22.996436],[72.578834,22.99672],[72.578793,22.996957],[72.578823,22.997261],[72.578884,22.997753],[72.579233,22.999036],[72.57941,23.00157],[72.57941,23.00443],[72.579854,23.006392],[72.580922,23.010107],[72.588765,23.012659],[72.589762,23.012988],[72.590695,23.013504],[72.59135,23.013965],[72.591805,23.013202],[72.592371,23.011506],[72.592398,23.011349],[72.592428,23.011245],[72.592519,23.011027],[72.592579,23.010908],[72.592629,23.010826],[72.592886,23.010476],[72.592941,23.010368],[72.592968,23.010251],[72.592995,23.009325],[72.593013,23.009108],[72.593086,23.008729],[72.593122,23.008437],[72.593131,23.00812],[72.593131,23.007749],[72.593163,23.006189],[72.593425,23.004374],[72.593514,23.003434],[72.593528,23.002958],[72.593512,23.002786],[72.59329,23.002211],[72.593187,23.00183],[72.593153,23.001622],[72.593129,23.001093],[72.593127,22.999885],[72.593173,22.99859],[72.593179,22.997311],[72.593256,22.996222],[72.593286,22.995274],[72.593262,22.994223],[72.593231,22.993535],[72.59326,22.993036],[72.593246,22.992529],[72.59325,22.991917],[72.59326,22.991826],[72.593274,22.991781],[72.5933,22.991729],[72.593324,22.991696],[72.593368,22.991651],[72.593431,22.991608],[72.593481,22.991575],[72.593526,22.991553]]]]}},
{"type":"Feature","properties":{"kmlName":"Mani Nagar","wardNumber":37,"lgdCode":"1302537"},"geometry":{"type":"MultiPolygon","coordinates":[[[[72.604672,23.013486],[72.614581,22.991265],[72.6146,22.991212],[72.614614,22.991167],[72.614618,22.991141],[72.614628,22.991053],[72.614629,22.990991],[72.614627,22.990954],[72.614622,22.990913],[72.614611,22.990878],[72.614595,22.990843],[72.614572,22.990812],[72.614544,22.990785],[72.614508,22.990767],[72.614463,22.990751],[72.614391,22.99074],[72.614331,22.990738],[72.614209,22.990745],[72.614147,22.990751],[72.614068,22.990762],[72.614037,22.990767],[72.613998,22.990777],[72.613925,22.990798],[72.613843,22.990825],[72.612405,22.9913],[72.610876,22.991875],[72.610246,22.990575],[72.610521,22.990467],[72.610036,22.989167],[72.609873,22.989115],[72.609868,22.989063],[72.609932,22.988941],[72.609906,22.988866],[72.60997,22.988827],[72.609938,22.988733],[72.610346,22.9886],[72.610694,22.988438],[72.61082,22.988346],[72.610935,22.988222],[72.61104,22.988104],[72.611119,22.988001],[72.611183,22.987901],[72.611217,22.987802],[72.611252,22.987681],[72.611319,22.987047],[72.610551,22.987133],[72.609256,22.987273],[72.608455,22.987481],[72.60715,22.987832],[72.60566,22.988159],[72.602878,22.988667],[72.602516,22.988695],[72.602179,22.988714],[72.598297,22.988801],[72.595997,22.988778],[72.595786,22.989001],[72.595599,22.989288],[72.595433,22.989657],[72.595138,22.990324],[72.595145,22.990371],[72.595164,22.990406],[72.595198,22.990439],[72.595217,22.990477],[72.595225,22.99053],[72.595215,22.990577],[72.595183,22.990672],[72.594998,22.991058],[72.594848,22.991349],[72.594824,22.991392],[72.594814,22.991408],[72.594805,22.991418],[72.594796,22.991427],[72.594777,22.991442],[72.594726,22.991473],[72.594676,22.99149],[72.594621,22.991504],[72.594565,22.99151],[72.594396,22.991512],[72.593802,22.991535],[72.593665,22.991544],[72.593582,22.991544],[72.593526,22.991553],[72.593481,22.991575],[72.593431,22.991608],[72.593368,22.991651],[72.593324,22.991696],[72.5933,22.991729],[72.593274,22.991781],[72.59326,22.991826],[72.59325,22.991917],[72.593246,22.992529],[72.59326,22.993036],[72.593231,22.993535],[72.593262,22.994223],[72.593286,22.995274],[72.593256,22.996222],[72.593179,22.997311],[72.593173,22.99859],[72.593127,22.999885],[72.593129,23.001093],[72.593153,23.001622],[72.593187,23.00183],[72.59329,23.002211],[72.593512,23.002786],[72.593528,23.002958],[72.593514,23.003434],[72.593425,23.004374],[72.593163,23.006189],[72.593131,23.007749],[72.593131,23.00812],[72.593122,23.008437],[72.593086,23.008729],[72.593013,23.009108],[72.592995,23.009325],[72.592968,23.010251],[72.592941,23.010368],[72.592886,23.010476],[72.592629,23.010826],[72.592579,23.010908],[72.592519,23.011027],[72.592428,23.011245],[72.592398,23.011349],[72.592371,23.011506],[72.594358,23.011898],[72.595214,23.012022],[72.595937,23.012122],[72.597037,23.012229],[72.597412,23.011768],[72.597789,23.011932],[72.599209,23.012082],[72.601974,23.012735],[72.604672,23.013486]]]]}},
{"type":"Feature","properties":{"kmlName":"Gomtipur","wardNumber":38,"lgdCode":"1302538"},"geometry":{"type":"MultiPolygon","coordinates":[[[[72.606233,23.024983],[72.606438,23.02455],[72.607913,23.025426],[72.607959,23.025456],[72.608522,23.025828],[72.608811,23.026066],[72.608876,23.026104],[72.608931,23.026125],[72.608984,23.026137],[72.609032,23.026141],[72.609112,23.026139],[72.609174,23.026128],[72.609249,23.026099],[72.609313,23.026065],[72.609366,23.026029],[72.609638,23.025808],[72.609671,23.025788],[72.609708,23.025773],[72.609745,23.02576],[72.609787,23.025752],[72.60984,23.025743],[72.609906,23.025739],[72.610298,23.025754],[72.612406,23.025823],[72.613061,23.02587],[72.613573,23.025907],[72.613806,23.0255],[72.614311,23.024795],[72.614413,23.024568],[72.614473,23.024396],[72.614584,23.023797],[72.614672,23.023321],[72.614672,23.023105],[72.614654,23.022944],[72.614575,23.022772],[72.614479,23.022651],[72.613998,23.022054],[72.615918,23.022063],[72.617652,23.022096],[72.618826,23.02213],[72.620013,23.022135],[72.6205,23.022139],[72.620577,23.022131],[72.620666,23.022121],[72.620885,23.022078],[72.6218,23.021828],[72.622151,23.021739],[72.62296,23.021498],[72.623583,23.021293],[72.62436,23.02106],[72.626293,23.020545],[72.627891,23.020186],[72.628978,23.020085],[72.633163,23.020009],[72.634325,23.020002],[72.635439,23.020052],[72.636558,23.020207],[72.638397,23.020451],[72.638488,23.017497],[72.63846,23.014449],[72.638351,23.014297],[72.638141,23.01406],[72.637876,23.0138],[72.637485,23.013478],[72.637059,23.013173],[72.636773,23.013024],[72.636553,23.01293],[72.636339,23.012881],[72.636117,23.012849],[72.635704,23.01284],[72.635428,23.012835],[72.635153,23.01283],[72.634147,23.012659],[72.633438,23.012496],[72.631924,23.012159],[72.632765,23.014002],[72.632819,23.014171],[72.632824,23.014253],[72.632815,23.014316],[72.632771,23.014366],[72.632692,23.014391],[72.632617,23.014394],[72.631242,23.014309],[72.630563,23.014234],[72.629955,23.014149],[72.629135,23.014004],[72.627317,23.016858],[72.627027,23.017375],[72.626533,23.017242],[72.625733,23.017042],[72.625028,23.016871],[72.624665,23.017548],[72.623028,23.017275],[72.62198,23.01715],[72.621591,23.017157],[72.619761,23.017311],[72.618717,23.01715],[72.617593,23.017089],[72.616323,23.017032],[72.61448,23.017109],[72.613733,23.01718],[72.613534,23.017137],[72.613389,23.017031],[72.613161,23.016793],[72.613022,23.016571],[72.612926,23.016272],[72.612908,23.015984],[72.61365,23.015954],[72.61427,23.015905],[72.614734,23.015837],[72.615173,23.015809],[72.616356,23.015809],[72.61634,23.015548],[72.616338,23.015448],[72.616362,23.015343],[72.616398,23.015285],[72.61648,23.015202],[72.61657,23.015134],[72.616726,23.015057],[72.618838,23.014215],[72.618422,23.01323],[72.61834,23.013144],[72.618239,23.013103],[72.618036,23.013094],[72.617444,23.013138],[72.61586,23.013175],[72.615861,23.013068],[72.615274,23.013122],[72.615198,23.01312],[72.615168,23.013117],[72.615146,23.013111],[72.615126,23.013099],[72.615113,23.013083],[72.615105,23.013062],[72.615102,23.013043],[72.615102,23.013021],[72.615108,23.013005],[72.615124,23.012986],[72.615154,23.012961],[72.615168,23.012945],[72.615175,23.012934],[72.61518,23.012916],[72.615182,23.012902],[72.615196,23.012787],[72.615195,23.012712],[72.614645,23.012805],[72.613577,23.012972],[72.612359,23.013177],[72.610827,23.013455],[72.609342,23.01372],[72.609101,23.013776],[72.607989,23.014036],[72.607031,23.01451],[72.607055,23.013407],[72.606447,23.013551],[72.605634,23.013512],[72.604672,23.013486],[72.601834,23.020915],[72.601438,23.021837],[72.601251,23.022355],[72.601121,23.02286],[72.601063,23.023206],[72.601049,23.023578],[72.601049,23.024163],[72.601185,23.026393],[72.602699,23.026552],[72.603185,23.02657],[72.603373,23.026634],[72.603562,23.02677],[72.603636,23.026813],[72.603698,23.026813],[72.604487,23.026352],[72.604544,23.026323],[72.604586,23.026279],[72.604628,23.026169],[72.604771,23.025776],[72.604807,23.025668],[72.604823,23.025642],[72.604828,23.025634],[72.604912,23.025551],[72.604945,23.025526],[72.605003,23.025495],[72.605046,23.025483],[72.605126,23.025471],[72.605274,23.025462],[72.605708,23.025433],[72.605755,23.025429],[72.605794,23.025421],[72.605829,23.02541],[72.605861,23.025393],[72.605895,23.025369],[72.605928,23.025342],[72.605995,23.025264],[72.606088,23.025163],[72.606233,23.024983]]]]}},
{"type":"Feature","properties":{"kmlName":"Amraiwadi","wardNumber":39,"lgdCode":"1302539"},"geometry":{"type":"MultiPolygon","coordinates":[[[[72.624665,23.017548],[72.625028,23.016871],[72.625733,23.017042],[72.626533,23.017242],[72.627027,23.017375],[72.627317,23.016858],[72.629135,23.014004],[72.629955,23.014149],[72.630563,23.014234],[72.631242,23.014309],[72.632617,23.014394],[72.632692,23.014391],[72.632771,23.014366],[72.632815,23.014316],[72.632824,23.014253],[72.632819,23.014171],[72.632765,23.014002],[72.631924,23.012159],[72.633438,23.012496],[72.634147,23.012659],[72.635153,23.01283],[72.635428,23.012835],[72.635704,23.01284],[72.636117,23.012849],[72.636339,23.012881],[72.636553,23.01293],[72.636773,23.013024],[72.637059,23.013173],[72.637485,23.013478],[72.637876,23.0138],[72.638141,23.01406],[72.638351,23.014297],[72.63846,23.014449],[72.638463,23.009681],[72.638393,23.009018],[72.637788,23.007061],[72.637013,23.004953],[72.634732,23.0058],[72.630285,23.007096],[72.62853,23.007823],[72.628197,23.007931],[72.62802,23.007974],[72.627904,23.007965],[72.627802,23.007931],[72.627713,23.007875],[72.627616,23.007764],[72.62756,23.007619],[72.627502,23.007373],[72.626985,23.004486],[72.626808,23.003849],[72.626142,23.001996],[72.624604,22.998933],[72.624313,22.999387],[72.624316,23.00007],[72.62428,23.000812],[72.624185,23.001415],[72.624091,23.001821],[72.623874,23.002284],[72.623663,23.0032],[72.623633,23.003336],[72.623622,23.00337],[72.623613,23.003389],[72.623605,23.003402],[72.623593,23.003418],[72.623587,23.003424],[72.623572,23.003433],[72.623559,23.003441],[72.623548,23.003446],[72.623535,23.00345],[72.623523,23.003452],[72.623488,23.003458],[72.623454,23.003463],[72.623094,23.003481],[72.622916,23.00351],[72.621876,23.003775],[72.621595,23.003862],[72.620434,23.004404],[72.620403,23.004256],[72.620123,23.004341],[72.619515,23.00277],[72.619417,23.001866],[72.618395,23.001888],[72.617624,23.001881],[72.616325,23.002023],[72.615408,23.002255],[72.61436,23.002329],[72.615274,23.004786],[72.614461,23.005233],[72.614282,23.00535],[72.614141,23.005483],[72.613447,23.006242],[72.614079,23.007328],[72.614333,23.007653],[72.614455,23.007795],[72.614569,23.007899],[72.615355,23.008533],[72.615711,23.008875],[72.616082,23.009321],[72.61668,23.010688],[72.615371,23.010659],[72.614531,23.010644],[72.613514,23.01051],[72.612593,23.010406],[72.611738,23.010345],[72.609508,23.010302],[72.609124,23.011578],[72.60903,23.011937],[72.609006,23.01212],[72.609012,23.012493],[72.609101,23.013776],[72.609342,23.01372],[72.610827,23.013455],[72.612359,23.013177],[72.613577,23.012972],[72.614645,23.012805],[72.615195,23.012712],[72.615196,23.012787],[72.615182,23.012902],[72.61518,23.012916],[72.615175,23.012934],[72.615168,23.012945],[72.615154,23.012961],[72.615124,23.012986],[72.615108,23.013005],[72.615102,23.013021],[72.615102,23.013043],[72.615105,23.013062],[72.615113,23.013083],[72.615126,23.013099],[72.615146,23.013111],[72.615168,23.013117],[72.615198,23.01312],[72.615274,23.013122],[72.615861,23.013068],[72.61586,23.013175],[72.617444,23.013138],[72.618036,23.013094],[72.618239,23.013103],[72.61834,23.013144],[72.618422,23.01323],[72.618838,23.014215],[72.616726,23.015057],[72.61657,23.015134],[72.61648,23.015202],[72.616398,23.015285],[72.616362,23.015343],[72.616338,23.015448],[72.61634,23.015548],[72.616356,23.015809],[72.615173,23.015809],[72.614734,23.015837],[72.61427,23.015905],[72.61365,23.015954],[72.612908,23.015984],[72.612926,23.016272],[72.613022,23.016571],[72.613161,23.016793],[72.613389,23.017031],[72.613534,23.017137],[72.613733,23.01718],[72.61448,23.017109],[72.616323,23.017032],[72.617593,23.017089],[72.618717,23.01715],[72.619761,23.017311],[72.621591,23.017157],[72.62198,23.01715],[72.623028,23.017275],[72.624665,23.017548]]]]}},
{"type":"Feature","properties":{"kmlName":"Odhav","wardNumber":40,"lgdCode":"1302540"},"geometry":{"type":"MultiPolygon","coordinates":[[[[72.667046,23.0329],[72.672472,23.031446],[72.673025,23.029502],[72.673569,23.028106],[72.673478,23.02778],[72.67394,23.027584],[72.676043,23.027667],[72.676313,23.026931],[72.677277,23.027257],[72.678586,23.027667],[72.678908,23.026675],[72.678936,23.025429],[72.67911,23.024395],[72.679592,23.024361],[72.679764,23.024356],[72.680685,23.024412],[72.680974,23.024409],[72.681465,23.024353],[72.682116,23.024332],[72.682523,23.024314],[72.683075,23.024353],[72.683555,23.024381],[72.684019,23.024353],[72.684364,23.02434],[72.68659,23.024388],[72.686546,23.023743],[72.686392,23.022084],[72.686254,23.021479],[72.685825,23.021006],[72.685019,23.020728],[72.68437,23.02065],[72.683584,23.020479],[72.682832,23.02021],[72.682128,23.019845],[72.681251,23.019134],[72.681232,23.019081],[72.681153,23.019353],[72.680578,23.019498],[72.680284,23.019955],[72.676338,23.019589],[72.674866,23.019249],[72.674392,23.019123],[72.674199,23.020762],[72.67369,23.02071],[72.672337,23.020442],[72.67136,23.020093],[72.671181,23.019159],[72.669543,23.018723],[72.66941,23.019143],[72.669266,23.019169],[72.668413,23.018994],[72.668263,23.019868],[72.667149,23.019575],[72.666841,23.01946],[72.666425,23.01932],[72.6657,23.019168],[72.665436,23.019086],[72.66486,23.01897],[72.664529,23.018938],[72.663666,23.018773],[72.663549,23.018769],[72.662888,23.018769],[72.662409,23.018761],[72.66194,23.01874],[72.661506,23.018654],[72.660035,23.018641],[72.659695,23.018493],[72.659039,23.018452],[72.659172,23.017518],[72.659177,23.016987],[72.658393,23.016992],[72.658381,23.01772],[72.658231,23.017789],[72.65796,23.017799],[72.657897,23.017709],[72.656339,23.017789],[72.655215,23.017762],[72.65473,23.017718],[72.653363,23.017656],[72.653663,23.016961],[72.654182,23.015777],[72.655313,23.013079],[72.655332,23.012966],[72.655333,23.012847],[72.655325,23.012685],[72.655278,23.012475],[72.655195,23.012096],[72.655076,23.011444],[72.654946,23.0107],[72.654878,23.010316],[72.653887,23.010457],[72.653738,23.010486],[72.653095,23.010331],[72.651802,23.010754],[72.644895,23.013185],[72.644755,23.014803],[72.644375,23.014733],[72.643997,23.014713],[72.643609,23.014698],[72.64306,23.014708],[72.64258,23.014738],[72.641824,23.014833],[72.641975,23.017035],[72.642033,23.017581],[72.642062,23.017823],[72.64214,23.018029],[72.642218,23.018163],[72.642364,23.018306],[72.64392,23.019434],[72.644358,23.019694],[72.644874,23.01998],[72.646021,23.020562],[72.646508,23.020741],[72.6475,23.021117],[72.647795,23.021234],[72.647898,23.021288],[72.647983,23.021347],[72.648054,23.021431],[72.648221,23.021811],[72.648327,23.022295],[72.648445,23.02352],[72.648413,23.023747],[72.648377,23.024067],[72.648386,23.024224],[72.648404,23.024335],[72.648454,23.024478],[72.648601,23.024741],[72.648848,23.025161],[72.649004,23.025518],[72.649254,23.026179],[72.649378,23.026618],[72.649487,23.027542],[72.649502,23.027691],[72.649504,23.027877],[72.649452,23.02859],[72.649419,23.028728],[72.649337,23.028944],[72.648981,23.029567],[72.648925,23.029695],[72.648854,23.029876],[72.648804,23.030052],[72.648754,23.030361],[72.648734,23.030664],[72.650251,23.031075],[72.652022,23.031538],[72.653278,23.031822],[72.654302,23.031988],[72.655094,23.032065],[72.658774,23.032127],[72.660335,23.032076],[72.660625,23.032085],[72.660871,23.032112],[72.661154,23.032166],[72.661914,23.032373],[72.662262,23.032438],[72.66297,23.032539],[72.665057,23.032758],[72.666295,23.032816],[72.667046,23.0329]]]]}},
{"type":"Feature","properties":{"kmlName":"Vastral","wardNumber":41,"lgdCode":"1302541"},"geometry":{"type":"MultiPolygon","coordinates":[[[[72.674199,23.020762],[72.674392,23.019123],[72.674866,23.019249],[72.676338,23.019589],[72.680284,23.019955],[72.680578,23.019498],[72.681153,23.019353],[72.681232,23.019081],[72.680972,23.018337],[72.680646,23.017657],[72.680725,23.017031],[72.681281,23.016566],[72.681978,23.016455],[72.682048,23.016474],[72.68276,23.016664],[72.682673,23.015931],[72.68262,23.015799],[72.682403,23.015267],[72.68215,23.014605],[72.682125,23.014508],[72.681974,23.013923],[72.681874,23.013226],[72.681857,23.01258],[72.681855,23.012523],[72.681911,23.01186],[72.681893,23.011233],[72.680812,23.010479],[72.682897,23.010377],[72.684094,23.010318],[72.685986,23.010226],[72.691145,23.009974],[72.691894,23.010012],[72.692715,23.010002],[72.693535,23.009939],[72.694347,23.009824],[72.69515,23.009656],[72.695936,23.009437],[72.696706,23.009168],[72.697381,23.008883],[72.696718,23.008419],[72.696112,23.007894],[72.69557,23.007314],[72.695095,23.006684],[72.694695,23.006011],[72.694373,23.005303],[72.694133,23.004568],[72.693978,23.003813],[72.693771,23.002587],[72.693596,23.001754],[72.693405,23.000927],[72.693199,23.000101],[72.692976,22.99928],[72.692738,22.998461],[72.692485,22.997647],[72.692217,22.996838],[72.691933,22.996033],[72.691531,22.994966],[72.688386,22.993395],[72.679102,22.988759],[72.67838,22.988367],[72.677725,22.987884],[72.67715,22.987322],[72.676664,22.986692],[72.676278,22.986005],[72.675999,22.985274],[72.675834,22.984515],[72.675833,22.984505],[72.674718,22.98442],[72.673959,22.984208],[72.673056,22.983827],[72.672365,22.983483],[72.671664,22.983377],[72.670838,22.983111],[72.669244,22.98251],[72.667563,22.983589],[72.667352,22.983659],[72.667093,22.983704],[72.666872,22.98381],[72.666718,22.984022],[72.666305,22.984464],[72.665931,22.984738],[72.665047,22.985021],[72.664193,22.985251],[72.664289,22.985817],[72.66208,22.986002],[72.660736,22.986877],[72.656059,22.989565],[72.655147,22.990131],[72.652638,22.992647],[72.647495,22.998438],[72.647257,22.998455],[72.647087,22.997654],[72.645594,22.998214],[72.645586,22.998747],[72.645366,23.001373],[72.645126,23.002465],[72.644944,23.003341],[72.644472,23.004112],[72.643992,23.004517],[72.643034,23.005618],[72.645043,23.006384],[72.645512,23.00667],[72.646602,23.007297],[72.647369,23.007887],[72.647884,23.008264],[72.648358,23.008651],[72.649008,23.00869],[72.649087,23.009146],[72.649447,23.009208],[72.64945,23.00938],[72.649673,23.009403],[72.649668,23.00957],[72.64984,23.009653],[72.649857,23.009885],[72.650612,23.01002],[72.650824,23.010096],[72.651834,23.010247],[72.65221,23.010273],[72.652778,23.010229],[72.652832,23.010317],[72.653095,23.010331],[72.653738,23.010486],[72.653887,23.010457],[72.654878,23.010316],[72.654946,23.0107],[72.655076,23.011444],[72.655195,23.012096],[72.655278,23.012475],[72.655325,23.012685],[72.655333,23.012847],[72.655332,23.012966],[72.655313,23.013079],[72.654182,23.015777],[72.653663,23.016961],[72.653363,23.017656],[72.65473,23.017718],[72.655215,23.017762],[72.656339,23.017789],[72.657897,23.017709],[72.65796,23.017799],[72.658231,23.017789],[72.658381,23.01772],[72.658393,23.016992],[72.659177,23.016987],[72.659172,23.017518],[72.659039,23.018452],[72.659695,23.018493],[72.660035,23.018641],[72.661506,23.018654],[72.66194,23.01874],[72.662409,23.018761],[72.662888,23.018769],[72.663549,23.018769],[72.663666,23.018773],[72.664529,23.018938],[72.66486,23.01897],[72.665436,23.019086],[72.6657,23.019168],[72.666425,23.01932],[72.666841,23.01946],[72.667149,23.019575],[72.668263,23.019868],[72.668413,23.018994],[72.669266,23.019169],[72.66941,23.019143],[72.669543,23.018723],[72.671181,23.019159],[72.67136,23.020093],[72.672337,23.020442],[72.67369,23.02071],[72.674199,23.020762]]]]}},
{"type":"Feature","properties":{"kmlName":"Indrapuri","wardNumber":42,"lgdCode":"1302542"},"geometry":{"type":"MultiPolygon","coordinates":[[[[72.64306,23.014708],[72.643609,23.014698],[72.643997,23.014713],[72.644375,23.014733],[72.644755,23.014803],[72.644895,23.013185],[72.651802,23.010754],[72.653095,23.010331],[72.652832,23.010317],[72.652778,23.010229],[72.65221,23.010273],[72.651834,23.010247],[72.650824,23.010096],[72.650612,23.01002],[72.649857,23.009885],[72.64984,23.009653],[72.649668,23.00957],[72.649673,23.009403],[72.64945,23.00938],[72.649447,23.009208],[72.649087,23.009146],[72.649008,23.00869],[72.648358,23.008651],[72.647884,23.008264],[72.647369,23.007887],[72.646602,23.007297],[72.645512,23.00667],[72.645043,23.006384],[72.643034,23.005618],[72.643992,23.004517],[72.644472,23.004112],[72.644944,23.003341],[72.645126,23.002465],[72.645366,23.001373],[72.645586,22.998747],[72.645594,22.998214],[72.645475,22.997934],[72.64528,22.997587],[72.645105,22.997338],[72.644947,22.997161],[72.644536,22.996808],[72.644068,22.996455],[72.643466,22.99604],[72.642668,22.995498],[72.64242,22.995363],[72.642354,22.995334],[72.641989,22.995203],[72.641839,22.995164],[72.641623,22.995123],[72.641505,22.995111],[72.641149,22.995106],[72.640517,22.995125],[72.639583,22.995109],[72.63936,22.995066],[72.639239,22.995014],[72.639158,22.994942],[72.638874,22.994472],[72.638792,22.994259],[72.638746,22.993975],[72.63876,22.993064],[72.638799,22.992887],[72.639204,22.992185],[72.639491,22.991858],[72.640144,22.991417],[72.640357,22.991188],[72.640506,22.990887],[72.640599,22.990423],[72.640659,22.989558],[72.640483,22.98959],[72.640447,22.989594],[72.640375,22.989592],[72.640305,22.989583],[72.640281,22.989578],[72.640259,22.989568],[72.640247,22.989561],[72.64022,22.989537],[72.6402,22.989508],[72.640184,22.989466],[72.640183,22.989435],[72.640188,22.989408],[72.640196,22.989378],[72.640311,22.989139],[72.64041,22.988767],[72.639821,22.988911],[72.638795,22.987224],[72.63819,22.98726],[72.637904,22.987073],[72.63735,22.987111],[72.636961,22.98409],[72.636594,22.983661],[72.628498,22.988277],[72.630728,22.99033],[72.632109,22.991751],[72.632821,22.992776],[72.633163,22.993432],[72.633608,22.994525],[72.636249,23.002493],[72.635018,23.002623],[72.633423,23.002864],[72.632846,23.002944],[72.631775,23.003038],[72.631581,23.003743],[72.630994,23.003771],[72.630186,23.003818],[72.629857,23.003872],[72.629217,23.004097],[72.628652,23.004213],[72.627928,23.004322],[72.626985,23.004486],[72.627502,23.007373],[72.62756,23.007619],[72.627616,23.007764],[72.627713,23.007875],[72.627802,23.007931],[72.627904,23.007965],[72.62802,23.007974],[72.628197,23.007931],[72.62853,23.007823],[72.630285,23.007096],[72.634732,23.0058],[72.637013,23.004953],[72.637788,23.007061],[72.638393,23.009018],[72.638463,23.009681],[72.63846,23.014449],[72.639335,23.014693],[72.640025,23.014837],[72.640602,23.014906],[72.641065,23.014901],[72.641824,23.014833],[72.64258,23.014738],[72.64306,23.014708]]]]}},
{"type":"Feature","properties":{"kmlName":"Bhaipura Hatkeshwar","wardNumber":43,"lgdCode":"1302543"},"geometry":{"type":"MultiPolygon","coordinates":[[[[72.633608,22.994525],[72.633163,22.993432],[72.632821,22.992776],[72.632109,22.991751],[72.630728,22.99033],[72.628498,22.988277],[72.624829,22.984744],[72.623719,22.984888],[72.621719,22.985059],[72.620576,22.985146],[72.620466,22.985167],[72.620417,22.985188],[72.620375,22.985219],[72.620345,22.985257],[72.62015,22.986568],[72.620089,22.986705],[72.62001,22.98681],[72.619897,22.986898],[72.617381,22.988132],[72.617758,22.988376],[72.618113,22.98866],[72.61858,22.989097],[72.619044,22.989584],[72.619403,22.989976],[72.619928,22.990675],[72.620598,22.991722],[72.620838,22.991602],[72.623039,22.991597],[72.623236,22.993039],[72.623514,22.994482],[72.625274,22.993629],[72.625716,22.993509],[72.625874,22.994977],[72.626063,22.9968],[72.626415,22.99727],[72.624604,22.998933],[72.626142,23.001996],[72.626808,23.003849],[72.626985,23.004486],[72.627928,23.004322],[72.628652,23.004213],[72.629217,23.004097],[72.629857,23.003872],[72.630186,23.003818],[72.630994,23.003771],[72.631581,23.003743],[72.631775,23.003038],[72.632846,23.002944],[72.633423,23.002864],[72.635018,23.002623],[72.636249,23.002493],[72.633608,22.994525]]]]}},
{"type":"Feature","properties":{"kmlName":"Khokhra","wardNumber":44,"lgdCode":"1302544"},"geometry":{"type":"MultiPolygon","coordinates":[[[[72.609101,23.013776],[72.609012,23.012493],[72.609006,23.01212],[72.60903,23.011937],[72.609124,23.011578],[72.609508,23.010302],[72.611738,23.010345],[72.612593,23.010406],[72.613514,23.01051],[72.614531,23.010644],[72.615371,23.010659],[72.61668,23.010688],[72.616082,23.009321],[72.615711,23.008875],[72.615355,23.008533],[72.614569,23.007899],[72.614455,23.007795],[72.614333,23.007653],[72.614079,23.007328],[72.613447,23.006242],[72.614141,23.005483],[72.614282,23.00535],[72.614461,23.005233],[72.615274,23.004786],[72.61436,23.002329],[72.615408,23.002255],[72.616325,23.002023],[72.617624,23.001881],[72.618395,23.001888],[72.619417,23.001866],[72.619515,23.00277],[72.620123,23.004341],[72.620403,23.004256],[72.620434,23.004404],[72.621595,23.003862],[72.621876,23.003775],[72.622916,23.00351],[72.623094,23.003481],[72.623454,23.003463],[72.623488,23.003458],[72.623523,23.003452],[72.623535,23.00345],[72.623548,23.003446],[72.623559,23.003441],[72.623572,23.003433],[72.623587,23.003424],[72.623593,23.003418],[72.623605,23.003402],[72.623613,23.003389],[72.623622,23.00337],[72.623633,23.003336],[72.623663,23.0032],[72.623874,23.002284],[72.624091,23.001821],[72.624185,23.001415],[72.62428,23.000812],[72.624316,23.00007],[72.624313,22.999387],[72.624604,22.998933],[72.626415,22.99727],[72.626063,22.9968],[72.625874,22.994977],[72.625716,22.993509],[72.625274,22.993629],[72.623514,22.994482],[72.623236,22.993039],[72.623039,22.991597],[72.620838,22.991602],[72.620598,22.991722],[72.619928,22.990675],[72.619403,22.989976],[72.619044,22.989584],[72.61858,22.989097],[72.618113,22.98866],[72.617758,22.988376],[72.617381,22.988132],[72.619897,22.986898],[72.62001,22.98681],[72.620089,22.986705],[72.62015,22.986568],[72.620345,22.985257],[72.620375,22.985219],[72.620417,22.985188],[72.620466,22.985167],[72.620576,22.985146],[72.621719,22.985059],[72.623719,22.984888],[72.624829,22.984744],[72.623493,22.983425],[72.623328,22.983288],[72.623155,22.983166],[72.622909,22.983015],[72.622683,22.98288],[72.622242,22.982669],[72.622074,22.982595],[72.621228,22.982226],[72.619328,22.981423],[72.615433,22.979704],[72.614703,22.97945],[72.613573,22.979209],[72.610846,22.978648],[72.611416,22.986179],[72.611319,22.987047],[72.611252,22.987681],[72.611217,22.987802],[72.611183,22.987901],[72.611119,22.988001],[72.61104,22.988104],[72.610935,22.988222],[72.61082,22.988346],[72.610694,22.988438],[72.610346,22.9886],[72.609938,22.988733],[72.60997,22.988827],[72.609906,22.988866],[72.609932,22.988941],[72.609868,22.989063],[72.609873,22.989115],[72.610036,22.989167],[72.610521,22.990467],[72.610246,22.990575],[72.610876,22.991875],[72.612405,22.9913],[72.613843,22.990825],[72.613925,22.990798],[72.613998,22.990777],[72.614037,22.990767],[72.614068,22.990762],[72.614147,22.990751],[72.614209,22.990745],[72.614331,22.990738],[72.614391,22.99074],[72.614463,22.990751],[72.614508,22.990767],[72.614544,22.990785],[72.614572,22.990812],[72.614595,22.990843],[72.614611,22.990878],[72.614622,22.990913],[72.614627,22.990954],[72.614629,22.990991],[72.614628,22.991053],[72.614618,22.991141],[72.614614,22.991167],[72.6146,22.991212],[72.614581,22.991265],[72.604672,23.013486],[72.605634,23.013512],[72.606447,23.013551],[72.607055,23.013407],[72.607031,23.01451],[72.607989,23.014036],[72.609101,23.013776]]]]}},
{"type":"Feature","properties":{"kmlName":"Isanpur","wardNumber":45,"lgdCode":"1302545"},"geometry":{"type":"MultiPolygon","coordinates":[[[[72.611319,22.987047],[72.611416,22.986179],[72.610846,22.978648],[72.610753,22.975408],[72.610632,22.973036],[72.610526,22.972586],[72.610403,22.97229],[72.610265,22.972007],[72.609899,22.971319],[72.608811,22.969267],[72.607821,22.967261],[72.607684,22.967555],[72.606589,22.969498],[72.605964,22.970544],[72.605125,22.971681],[72.604466,22.972503],[72.603959,22.97223],[72.603859,22.972157],[72.60365,22.9721],[72.60346,22.972052],[72.601992,22.971446],[72.601223,22.971173],[72.599765,22.970784],[72.599761,22.971615],[72.599645,22.972839],[72.599546,22.973372],[72.599386,22.973924],[72.598921,22.975134],[72.596782,22.974487],[72.595215,22.973999],[72.593934,22.973615],[72.592872,22.973367],[72.592064,22.973225],[72.588196,22.972904],[72.586564,22.977083],[72.585898,22.97878],[72.585834,22.978999],[72.585817,22.979076],[72.585808,22.979144],[72.5858,22.979265],[72.585807,22.979365],[72.585817,22.9795],[72.585931,22.980372],[72.585956,22.980715],[72.585961,22.981017],[72.585929,22.981378],[72.585851,22.981761],[72.585729,22.982153],[72.585475,22.982835],[72.585384,22.983013],[72.586256,22.982879],[72.587062,22.982756],[72.587458,22.982731],[72.587861,22.982774],[72.58827,22.982842],[72.588565,22.982929],[72.588881,22.983034],[72.589552,22.983337],[72.589986,22.983541],[72.590173,22.983653],[72.59044,22.983837],[72.590577,22.983966],[72.59064,22.984036],[72.59095,22.984356],[72.591192,22.984673],[72.591292,22.984808],[72.591481,22.985083],[72.591591,22.985272],[72.591649,22.985426],[72.59199,22.986615],[72.592021,22.986668],[72.592069,22.986687],[72.593186,22.986678],[72.594089,22.986692],[72.59507,22.986813],[72.596566,22.98697],[72.596062,22.988552],[72.595997,22.988778],[72.598297,22.988801],[72.602179,22.988714],[72.602516,22.988695],[72.602878,22.988667],[72.60566,22.988159],[72.60715,22.987832],[72.608455,22.987481],[72.609256,22.987273],[72.610551,22.987133],[72.611319,22.987047]]]]}},
{"type":"Feature","properties":{"kmlName":"Lambha","wardNumber":46,"lgdCode":"1302546"},"geometry":{"type":"MultiPolygon","coordinates":[[[[72.583658,22.972732],[72.58532,22.972713],[72.588196,22.972904],[72.592064,22.973225],[72.592872,22.973367],[72.593934,22.973615],[72.595215,22.973999],[72.596782,22.974487],[72.598921,22.975134],[72.599386,22.973924],[72.599546,22.973372],[72.599645,22.972839],[72.599761,22.971615],[72.599765,22.970784],[72.601223,22.971173],[72.601992,22.971446],[72.60346,22.972052],[72.60365,22.9721],[72.603859,22.972157],[72.603959,22.97223],[72.604466,22.972503],[72.605125,22.971681],[72.605964,22.970544],[72.606589,22.969498],[72.607684,22.967555],[72.607821,22.967261],[72.607625,22.966768],[72.607547,22.966547],[72.607493,22.966293],[72.607474,22.96615],[72.60732,22.965206],[72.607104,22.963651],[72.607053,22.963355],[72.607025,22.963208],[72.606957,22.963021],[72.606643,22.962329],[72.605838,22.960712],[72.607973,22.960292],[72.608747,22.960071],[72.609046,22.959994],[72.609376,22.959917],[72.611247,22.959668],[72.611355,22.959629],[72.611457,22.959569],[72.611523,22.959458],[72.611954,22.958431],[72.612068,22.958199],[72.612158,22.958028],[72.612494,22.95757],[72.612442,22.957468],[72.612064,22.957451],[72.61208,22.957014],[72.612107,22.956433],[72.612093,22.95619],[72.612082,22.955996],[72.612085,22.955812],[72.612098,22.955695],[72.612173,22.955468],[72.612407,22.954937],[72.611496,22.954926],[72.610093,22.95488],[72.609978,22.954867],[72.609696,22.954871],[72.609641,22.954901],[72.609532,22.95512],[72.609509,22.955139],[72.609464,22.95516],[72.609273,22.955179],[72.609212,22.95519],[72.609165,22.955212],[72.609136,22.955251],[72.609091,22.95543],[72.609084,22.955449],[72.609076,22.955461],[72.609067,22.955471],[72.609053,22.955483],[72.609034,22.955493],[72.609012,22.955502],[72.608985,22.955507],[72.608123,22.955475],[72.608174,22.955397],[72.608255,22.955258],[72.608281,22.955185],[72.608306,22.955045],[72.608308,22.95488],[72.608297,22.954825],[72.608286,22.954782],[72.608273,22.954751],[72.608258,22.954725],[72.608186,22.954636],[72.608166,22.95461],[72.608147,22.95458],[72.608135,22.954551],[72.608122,22.954513],[72.608118,22.954489],[72.608117,22.954471],[72.60812,22.954446],[72.608124,22.954423],[72.608131,22.954405],[72.608136,22.954396],[72.608151,22.954368],[72.608167,22.954351],[72.608186,22.954333],[72.608229,22.954307],[72.608517,22.95424],[72.608426,22.953856],[72.608363,22.95365],[72.608283,22.953349],[72.608213,22.953046],[72.608187,22.952788],[72.608172,22.952231],[72.608278,22.951696],[72.60824,22.951276],[72.608467,22.95063],[72.608683,22.950015],[72.607739,22.949709],[72.607306,22.94956],[72.607048,22.949439],[72.606889,22.949325],[72.607253,22.94814],[72.607731,22.946713],[72.607823,22.946319],[72.607854,22.946091],[72.607893,22.945557],[72.608056,22.943694],[72.608371,22.940114],[72.608505,22.938612],[72.608668,22.936606],[72.608851,22.933238],[72.608901,22.931261],[72.606098,22.930522],[72.605767,22.93069],[72.603962,22.931231],[72.602969,22.931528],[72.601124,22.931822],[72.599779,22.932036],[72.598581,22.932226],[72.595066,22.932489],[72.594722,22.932198],[72.591987,22.929876],[72.591707,22.929638],[72.590532,22.928933],[72.587796,22.927288],[72.583843,22.925002],[72.581995,22.923985],[72.580014,22.922895],[72.577767,22.921658],[72.577013,22.921237],[72.576313,22.920746],[72.575671,22.920189],[72.575097,22.919573],[72.574594,22.918905],[72.574171,22.918192],[72.57383,22.917441],[72.573577,22.916661],[72.573412,22.915861],[72.573339,22.915049],[72.573359,22.914235],[72.57233,22.91501],[72.571937,22.915367],[72.571839,22.915456],[72.571298,22.915851],[72.570717,22.916192],[72.5701,22.916475],[72.569455,22.916697],[72.568789,22.916857],[72.568132,22.916845],[72.567457,22.916913],[72.567118,22.91704],[72.566828,22.91715],[72.566051,22.91781],[72.565053,22.916932],[72.564424,22.916731],[72.564194,22.916657],[72.563308,22.916466],[72.562406,22.916361],[72.561495,22.916346],[72.560589,22.916417],[72.559695,22.916576],[72.558823,22.916821],[72.558184,22.917071],[72.557985,22.917149],[72.557187,22.917555],[72.556438,22.918037],[72.555723,22.91854],[72.555373,22.918758],[72.554946,22.919024],[72.554142,22.91947],[72.553315,22.919877],[72.552465,22.920242],[72.551596,22.920567],[72.551356,22.920644],[72.550711,22.920849],[72.54981,22.921087],[72.548897,22.921282],[72.547975,22.921432],[72.547045,22.921537],[72.546111,22.921597],[72.544886,22.921457],[72.543711,22.921363],[72.543148,22.921335],[72.542533,22.921304],[72.541457,22.921294],[72.540174,22.921304],[72.538996,22.921361],[72.53782,22.921456],[72.536649,22.92159],[72.536,22.921684],[72.535221,22.922249],[72.534478,22.923153],[72.533868,22.924497],[72.53151,22.925332],[72.533709,22.927331],[72.541854,22.935516],[72.542464,22.93642],[72.542756,22.937251],[72.542862,22.938204],[72.542782,22.939963],[72.542286,22.943977],[72.539981,22.947987],[72.537633,22.950031],[72.534048,22.95121],[72.532041,22.950935],[72.523504,22.949716],[72.52137,22.949755],[72.51915,22.950149],[72.517315,22.950699],[72.51565,22.951446],[72.513644,22.953018],[72.512278,22.955494],[72.511937,22.957695],[72.512065,22.958756],[72.513217,22.961272],[72.514967,22.964849],[72.516077,22.966814],[72.518766,22.970508],[72.522053,22.973652],[72.527559,22.975538],[72.535115,22.978132],[72.536993,22.978918],[72.54049,22.981252],[72.542904,22.98233],[72.545025,22.979297],[72.54569,22.978537],[72.546141,22.978152],[72.546902,22.977589],[72.547545,22.977244],[72.548307,22.976869],[72.548993,22.976602],[72.549818,22.976365],[72.550655,22.976197],[72.55429,22.975793],[72.560133,22.975181],[72.563479,22.974815],[72.565612,22.974568],[72.569601,22.974203],[72.572367,22.973858],[72.576131,22.973502],[72.581471,22.97288],[72.583658,22.972732]]]]}},
{"type":"Feature","properties":{"kmlName":"Vatva","wardNumber":47,"lgdCode":"1302547"},"geometry":{"type":"MultiPolygon","coordinates":[[[[72.63014,22.95755],[72.632565,22.952355],[72.634216,22.949914],[72.632032,22.9504],[72.631378,22.950377],[72.63055,22.950264],[72.630106,22.950275],[72.628933,22.950332],[72.628353,22.950298],[72.627908,22.950195],[72.626241,22.949843],[72.625661,22.949843],[72.625241,22.949877],[72.624785,22.949979],[72.623797,22.950241],[72.623377,22.950298],[72.622994,22.950321],[72.622044,22.950252],[72.621648,22.950309],[72.621315,22.950411],[72.620895,22.950548],[72.619068,22.951173],[72.620451,22.947558],[72.621587,22.94442],[72.621871,22.943931],[72.622081,22.943647],[72.623266,22.942453],[72.625037,22.940788],[72.625584,22.940124],[72.625745,22.939966],[72.626714,22.938631],[72.628018,22.936816],[72.629258,22.934837],[72.629924,22.933964],[72.63028,22.933166],[72.630809,22.933031],[72.632426,22.932281],[72.632039,22.928939],[72.632156,22.928143],[72.632228,22.927342],[72.632254,22.926538],[72.632235,22.925735],[72.63217,22.924933],[72.63206,22.924136],[72.631905,22.923346],[72.631549,22.92205],[72.631003,22.921469],[72.630314,22.920866],[72.629559,22.920333],[72.628748,22.919875],[72.62789,22.919501],[72.626994,22.91921],[72.62607,22.919007],[72.625127,22.918895],[72.624177,22.918875],[72.62323,22.918947],[72.622296,22.91911],[72.621385,22.919362],[72.620083,22.919902],[72.619664,22.920141],[72.619273,22.920365],[72.618519,22.920902],[72.61783,22.92151],[72.617213,22.922181],[72.616629,22.922748],[72.616009,22.923235],[72.615339,22.923659],[72.614623,22.924016],[72.613871,22.924301],[72.613092,22.924514],[72.612293,22.924648],[72.611484,22.924705],[72.610369,22.925151],[72.609745,22.925543],[72.60896,22.926475],[72.608755,22.927246],[72.608463,22.927993],[72.608089,22.928708],[72.607635,22.929382],[72.607109,22.930011],[72.60628,22.93043],[72.606098,22.930522],[72.608901,22.931261],[72.608851,22.933238],[72.608668,22.936606],[72.608505,22.938612],[72.608371,22.940114],[72.608056,22.943694],[72.607893,22.945557],[72.607854,22.946091],[72.607823,22.946319],[72.607731,22.946713],[72.607253,22.94814],[72.606889,22.949325],[72.607048,22.949439],[72.607306,22.94956],[72.607739,22.949709],[72.608683,22.950015],[72.608467,22.95063],[72.60824,22.951276],[72.608278,22.951696],[72.608172,22.952231],[72.608187,22.952788],[72.608213,22.953046],[72.608283,22.953349],[72.608363,22.95365],[72.608426,22.953856],[72.608517,22.95424],[72.608229,22.954307],[72.608186,22.954333],[72.608167,22.954351],[72.608151,22.954368],[72.608136,22.954396],[72.608131,22.954405],[72.608124,22.954423],[72.60812,22.954446],[72.608117,22.954471],[72.608118,22.954489],[72.608122,22.954513],[72.608135,22.954551],[72.608147,22.95458],[72.608166,22.95461],[72.608186,22.954636],[72.608258,22.954725],[72.608273,22.954751],[72.608286,22.954782],[72.608297,22.954825],[72.608308,22.95488],[72.608306,22.955045],[72.608281,22.955185],[72.608255,22.955258],[72.608174,22.955397],[72.608123,22.955475],[72.608985,22.955507],[72.609012,22.955502],[72.609034,22.955493],[72.609053,22.955483],[72.609067,22.955471],[72.609076,22.955461],[72.609084,22.955449],[72.609091,22.95543],[72.609136,22.955251],[72.609165,22.955212],[72.609212,22.95519],[72.609273,22.955179],[72.609464,22.95516],[72.609509,22.955139],[72.609532,22.95512],[72.609641,22.954901],[72.609696,22.954871],[72.609978,22.954867],[72.610093,22.95488],[72.611496,22.954926],[72.612407,22.954937],[72.612173,22.955468],[72.612098,22.955695],[72.612085,22.955812],[72.612082,22.955996],[72.612093,22.95619],[72.612107,22.956433],[72.61208,22.957014],[72.612064,22.957451],[72.612442,22.957468],[72.612494,22.95757],[72.612158,22.958028],[72.612068,22.958199],[72.611954,22.958431],[72.611523,22.959458],[72.611457,22.959569],[72.611355,22.959629],[72.611247,22.959668],[72.609376,22.959917],[72.609046,22.959994],[72.608747,22.960071],[72.607973,22.960292],[72.605838,22.960712],[72.606643,22.962329],[72.606957,22.963021],[72.607025,22.963208],[72.607053,22.963355],[72.607104,22.963651],[72.60732,22.965206],[72.607474,22.96615],[72.607493,22.966293],[72.607547,22.966547],[72.607625,22.966768],[72.607821,22.967261],[72.608811,22.969267],[72.609899,22.971319],[72.610265,22.972007],[72.610403,22.97229],[72.610526,22.972586],[72.610632,22.973036],[72.610753,22.975408],[72.610846,22.978648],[72.613573,22.979209],[72.614703,22.97945],[72.615433,22.979704],[72.619328,22.981423],[72.63014,22.95755]]]]}},
{"type":"Feature","properties":{"kmlName":"Ramol Hathijan","wardNumber":48,"lgdCode":"1302548"},"geometry":{"type":"MultiPolygon","coordinates":[[[[72.647495,22.998438],[72.652638,22.992647],[72.655147,22.990131],[72.656059,22.989565],[72.660736,22.986877],[72.66208,22.986002],[72.664289,22.985817],[72.664193,22.985251],[72.665047,22.985021],[72.665931,22.984738],[72.666305,22.984464],[72.666718,22.984022],[72.666872,22.98381],[72.667093,22.983704],[72.667352,22.983659],[72.667563,22.983589],[72.669244,22.98251],[72.670838,22.983111],[72.671664,22.983377],[72.672365,22.983483],[72.673056,22.983827],[72.673959,22.984208],[72.674718,22.98442],[72.675833,22.984505],[72.675784,22.983677],[72.675529,22.98236],[72.675297,22.981038],[72.67509,22.979713],[72.674909,22.978386],[72.674753,22.977054],[72.674622,22.975721],[72.674497,22.974011],[72.674483,22.973825],[72.673258,22.973773],[72.67237,22.973744],[72.671481,22.973759],[72.670617,22.973539],[72.669761,22.97323],[72.668944,22.97284],[72.668177,22.972374],[72.667466,22.971836],[72.666821,22.971232],[72.666248,22.970569],[72.665753,22.969853],[72.665342,22.969094],[72.66502,22.968298],[72.664787,22.967475],[72.664651,22.966634],[72.663921,22.96713],[72.663262,22.967479],[72.662565,22.967762],[72.661843,22.967977],[72.661169,22.968105],[72.661098,22.968119],[72.660344,22.968189],[72.66013,22.968189],[72.659641,22.96819],[72.658582,22.968069],[72.657845,22.967896],[72.657134,22.967653],[72.655931,22.966991],[72.656107,22.966704],[72.661641,22.960999],[72.664576,22.95804],[72.668236,22.95361],[72.673064,22.949753],[72.677578,22.946487],[72.681461,22.94352],[72.682408,22.94312],[72.682937,22.943114],[72.683599,22.943312],[72.683567,22.943205],[72.683363,22.942578],[72.682977,22.941522],[72.682551,22.94048],[72.68256,22.939758],[72.682448,22.939083],[72.682225,22.938432],[72.681894,22.937821],[72.681463,22.937267],[72.68255,22.936092],[72.680712,22.936141],[72.660507,22.93669],[72.658695,22.930702],[72.655591,22.931119],[72.654687,22.930718],[72.653682,22.930555],[72.652756,22.930436],[72.651828,22.930348],[72.650897,22.930289],[72.649964,22.930261],[72.649268,22.930268],[72.64894,22.930265],[72.648096,22.930295],[72.647165,22.930357],[72.646236,22.930449],[72.645311,22.930571],[72.644392,22.930723],[72.643477,22.930904],[72.642572,22.931115],[72.641674,22.931355],[72.640785,22.931624],[72.639908,22.931921],[72.639041,22.932246],[72.638188,22.9326],[72.637348,22.93298],[72.636522,22.933387],[72.635714,22.93382],[72.634922,22.93428],[72.634147,22.934765],[72.63347,22.93522],[72.632851,22.935949],[72.632426,22.932281],[72.630809,22.933031],[72.63028,22.933166],[72.629924,22.933964],[72.629258,22.934837],[72.628018,22.936816],[72.626714,22.938631],[72.625745,22.939966],[72.625584,22.940124],[72.625037,22.940788],[72.623266,22.942453],[72.622081,22.943647],[72.621871,22.943931],[72.621587,22.94442],[72.620451,22.947558],[72.619068,22.951173],[72.620895,22.950548],[72.621315,22.950411],[72.621648,22.950309],[72.622044,22.950252],[72.622994,22.950321],[72.623377,22.950298],[72.623797,22.950241],[72.624785,22.949979],[72.625241,22.949877],[72.625661,22.949843],[72.626241,22.949843],[72.627908,22.950195],[72.628353,22.950298],[72.628933,22.950332],[72.630106,22.950275],[72.63055,22.950264],[72.631378,22.950377],[72.632032,22.9504],[72.634216,22.949914],[72.632565,22.952355],[72.63014,22.95755],[72.619328,22.981423],[72.621228,22.982226],[72.622074,22.982595],[72.622242,22.982669],[72.622683,22.98288],[72.622909,22.983015],[72.623155,22.983166],[72.623328,22.983288],[72.623493,22.983425],[72.624829,22.984744],[72.628498,22.988277],[72.636594,22.983661],[72.636961,22.98409],[72.63735,22.987111],[72.637904,22.987073],[72.63819,22.98726],[72.638795,22.987224],[72.639821,22.988911],[72.64041,22.988767],[72.640311,22.989139],[72.640196,22.989378],[72.640188,22.989408],[72.640183,22.989435],[72.640184,22.989466],[72.6402,22.989508],[72.64022,22.989537],[72.640247,22.989561],[72.640259,22.989568],[72.640281,22.989578],[72.640305,22.989583],[72.640375,22.989592],[72.640447,22.989594],[72.640483,22.98959],[72.640659,22.989558],[72.640599,22.990423],[72.640506,22.990887],[72.640357,22.991188],[72.640144,22.991417],[72.639491,22.991858],[72.639204,22.992185],[72.638799,22.992887],[72.63876,22.993064],[72.638746,22.993975],[72.638792,22.994259],[72.638874,22.994472],[72.639158,22.994942],[72.639239,22.995014],[72.63936,22.995066],[72.639583,22.995109],[72.640517,22.995125],[72.641149,22.995106],[72.641505,22.995111],[72.641623,22.995123],[72.641839,22.995164],[72.641989,22.995203],[72.642354,22.995334],[72.64242,22.995363],[72.642668,22.995498],[72.643466,22.99604],[72.644068,22.996455],[72.644536,22.996808],[72.644947,22.997161],[72.645105,22.997338],[72.64528,22.997587],[72.645475,22.997934],[72.645594,22.998214],[72.647087,22.997654],[72.647257,22.998455],[72.647495,22.998438]]]]}}
]}
